Date,Time,Open,High,Low,Close,Volume,Openint
2025-04-27,12:45:00,4.13059,4.13059,4.11549,4.12135,130301.681486
2025-04-27,13:00:00,4.12135,4.13239,4.12025,4.13059,54001.804791855
2025-04-27,13:15:00,4.13059,4.13059,4.12159,4.12809,64055.84781
2025-04-27,13:30:00,4.13119,4.13149,4.11575,4.11639,96944.726745765
2025-04-27,13:45:00,4.11379,4.12659,4.11029,4.12249,107456.5366161
2025-04-27,14:00:00,4.12205,4.12435,4.11909,4.12199,25895.73497
2025-04-27,14:15:00,4.11919,4.12139,4.107,4.11281,122648.07265827
2025-04-27,14:30:00,4.11251,4.11491,4.0976,4.09811,114191.3199459
2025-04-27,14:45:00,4.1009,4.10151,4.0882,4.1006,137918.6365804
2025-04-27,15:00:00,4.1006,4.13271,4.0986,4.11149,93445.513198529
2025-04-27,15:15:00,4.11149,4.1117,4.07539,4.08999,70441.900786
2025-04-27,15:30:00,4.09119,4.1008,4.08739,4.09359,51257.051173
2025-04-27,15:45:00,4.09359,4.11799,4.08189,4.1126,94292.676838
2025-04-27,16:00:00,4.1139,4.12599,4.10709,4.11699,35469.135480645
2025-04-27,16:15:00,4.11589,4.1203,4.1066,4.1066,102697.9993126
2025-04-27,16:30:00,4.1111,4.126,4.1067,4.1213,106422.346264
2025-04-27,16:45:00,4.1213,4.12212,4.12089,4.1213,77476.8486151
2025-04-27,17:00:00,4.1213,4.1213,4.12048,4.1213,24324.049832
2025-04-27,17:15:00,4.1213,4.1213,4.12089,4.1213,15399.386763
2025-04-27,17:30:00,4.1213,4.1213,4.12089,4.1213,34474.6527696
2025-04-27,17:45:00,4.1213,4.12171,4.1213,4.12171,80816.070758
2025-04-27,18:00:00,4.12171,4.12171,4.1213,4.12171,16832.653542
2025-04-27,18:15:00,4.12171,4.12171,4.09051,4.0937,323823.4819254
2025-04-27,18:30:00,4.0937,4.0969,4.0811,4.08671,76093.0373795
2025-04-27,18:45:00,4.08671,4.0884,4.05791,4.07781,997506.259807
2025-04-27,19:00:00,4.07911,4.08821,4.0646,4.06791,95591.3136101
2025-04-27,19:15:00,4.0633,4.0754,4.0633,4.0754,27295.607795
2025-04-27,19:45:00,4.08931,4.09071,4.0695,4.0717,277764.789969
2025-04-27,20:00:00,4.0742,4.08401,4.072,4.0825,22333.814270209
2025-04-27,20:15:00,4.08341,4.08591,4.0697,4.08291,367500.09829461
2025-04-27,20:30:00,4.08401,4.1002,4.08401,4.09681,222531.574556
2025-04-27,20:45:00,4.09731,4.10709,4.09731,4.10289,92328.7432033
2025-04-27,21:00:00,4.10289,4.11579,4.10289,4.1061,113157.4267773
2025-04-27,21:15:00,4.1062,4.12249,4.1015,4.1133,32052.7905695
2025-04-27,21:30:00,4.1126,4.12511,4.10891,4.1231,41027.156925
2025-04-27,21:45:00,4.1231,4.1378,4.1231,4.1269,49959.4186352
2025-04-27,22:00:00,4.1276,4.14001,4.1261,4.13811,12863.629924
2025-04-27,22:15:00,4.13801,4.13971,4.12691,4.1328,56400.054301252
2025-04-27,22:30:00,4.1324,4.13591,4.12471,4.13001,53657.4093255
2025-04-27,22:45:00,4.1285,4.1308,4.118,4.12541,221441.6083963
2025-04-27,23:00:00,4.12511,4.126,4.1191,4.12381,75986.4540454
2025-04-27,23:15:00,4.12381,4.12381,4.1086,4.11221,182447.7067
2025-04-27,23:30:00,4.11221,4.1264,4.0995,4.1131,47998.0448046
2025-04-27,23:45:00,4.1131,4.13461,4.1131,4.1345,159068.047508
2025-04-27,23:59:00,4.1341,4.1454,4.13201,4.14301,158197.49079
2025-04-28,00:15:00,4.14211,4.14431,4.1215,4.1261,295982.2847667
2025-04-28,00:30:00,4.1324,4.14581,4.1204,4.14581,357094.09431466
2025-04-28,00:45:00,4.14581,4.14851,4.1194,4.135,1029888.663435
2025-04-28,01:00:00,4.1265,4.1296,4.12001,4.12001,458788.871844
2025-04-28,01:15:00,4.12011,4.12271,4.08991,4.09431,112807.33661712
2025-04-28,01:30:00,4.09581,4.10132,4.09272,4.09591,45483.457234
2025-04-28,01:45:00,4.09431,4.10622,4.09181,4.10032,97267.6741876
2025-04-28,02:00:00,4.10191,4.10562,4.08942,4.09142,41989.369684151
2025-04-28,02:15:00,4.09722,4.09932,4.05341,4.05341,431498.52284277
2025-04-28,02:30:00,4.05231,4.08302,4.05231,4.07321,120323.570911
2025-04-28,02:45:00,4.07071,4.10952,4.07071,4.10832,192030.7473063
2025-04-28,03:00:00,4.10832,4.10832,4.07991,4.08772,47810.0635737
2025-04-28,03:15:00,4.08772,4.09112,4.07011,4.07091,69757.433153
2025-04-28,03:30:00,4.06681,4.07952,4.04811,4.05281,151465.687171
2025-04-28,03:45:00,4.05201,4.05241,4.011,4.0171,163002.335096
2025-04-28,04:00:00,4.0171,4.0389,4.0129,4.03351,79503.027682
2025-04-28,04:15:00,4.03071,4.05512,4.02321,4.048,69417.141795911
2025-04-28,04:30:00,4.04771,4.06612,4.04101,4.06512,48781.334590706
2025-04-28,04:45:00,4.06362,4.07392,4.06212,4.07141,48358.6515138
2025-04-28,05:00:00,4.06941,4.08853,4.06801,4.08362,36403.831752
2025-04-28,05:15:00,4.08522,4.08672,4.07531,4.07642,41375.700397951
2025-04-28,05:30:00,4.07642,4.10443,4.07421,4.10233,95735.330269
2025-04-28,05:45:00,4.10663,4.12582,4.10142,4.12062,75205.92292868
2025-04-28,06:00:00,4.11902,4.12072,4.10851,4.11391,18068.423227
2025-04-28,06:15:00,4.11231,4.12761,4.11231,4.12291,94684.129844
2025-04-28,06:30:00,4.12361,4.13931,4.11951,4.13801,83579.325944
2025-04-28,06:45:00,4.14123,4.15043,4.12532,4.12591,61955.7641825
2025-04-28,07:00:00,4.12521,4.13081,4.12201,4.12412,51878.658791
2025-04-28,07:15:00,4.12511,4.12891,4.12042,4.12571,37442.8389432
2025-04-28,07:30:00,4.12551,4.13233,4.11711,4.11972,57215.266955
2025-04-28,07:45:00,4.11769,4.13141,4.11301,4.11681,36553.443313
2025-04-28,08:00:00,4.11981,4.12022,4.10951,4.11561,57960.083309
2025-04-28,08:15:00,4.11852,4.13741,4.11481,4.13551,85453.4478731
2025-04-28,08:30:00,4.13711,4.17882,4.13683,4.17882,361213.678252
2025-04-28,08:45:00,4.17882,4.18982,4.16912,4.18804,308768.070726
2025-04-28,09:00:00,4.18804,4.19474,4.17862,4.17987,99594.594411
2025-04-28,09:15:00,4.17987,4.18764,4.16922,4.17443,65381.75339874
2025-04-28,09:30:00,4.17302,4.21692,4.17302,4.21652,243330.1792763
2025-04-28,09:45:00,4.22134,4.23342,4.21662,4.22452,196125.47819
2025-04-28,10:00:00,4.22622,4.22782,4.21592,4.22282,42043.898505609
2025-04-28,10:15:00,4.22344,4.24392,4.22062,4.23992,155083.37945608
2025-04-28,10:30:00,4.23992,4.256,4.2326,4.23932,193807.70449308
2025-04-28,10:45:00,4.23742,4.24355,4.22845,4.23065,86705.8029367
2025-04-28,11:00:00,4.23065,4.23262,4.20744,4.21062,56334.99575668
2025-04-28,11:15:00,4.21062,4.26388,4.21062,4.26113,710834.99679198
2025-04-28,11:30:00,4.26113,4.26113,4.2441,4.25473,78466.493501
2025-04-28,11:45:00,4.25493,4.25493,4.2374,4.24522,60954.416022
2025-04-28,12:00:00,4.24522,4.24522,4.22272,4.22272,125944.89593798
2025-04-28,12:15:00,4.22222,4.22975,4.20622,4.22875,116575.73612803
2025-04-28,12:30:00,4.22825,4.23235,4.18414,4.19284,62241.888896982
2025-04-28,12:45:00,4.19982,4.24125,4.19582,4.23252,316205.980217
2025-04-28,13:00:00,4.23392,4.24675,4.22802,4.22982,98769.983196838
2025-04-28,13:15:00,4.22972,4.23925,4.21922,4.23925,94735.894407716
2025-04-28,13:30:00,4.24005,4.24005,4.22102,4.23672,145137.53543284
2025-04-28,13:45:00,4.23742,4.25503,4.2363,4.25503,114472.007772
2025-04-28,14:00:00,4.25503,4.25983,4.22702,4.22702,215591.10718912
2025-04-28,14:15:00,4.22982,4.23289,4.21308,4.21679,73154.329268821
2025-04-28,14:30:00,4.21489,4.22649,4.21078,4.21599,54742.1625935
2025-04-28,14:45:00,4.21539,4.22059,4.20988,4.21659,43266.162443014
2025-04-28,15:00:00,4.21821,4.23011,4.20628,4.21549,194755.32153296
2025-04-28,15:15:00,4.21378,4.21378,4.19516,4.19516,67025.363222009
2025-04-28,15:30:00,4.19646,4.21786,4.19528,4.2103,40515.1185545
2025-04-28,15:45:00,4.2103,4.21072,4.20862,4.20946,57131.08073
2025-04-28,16:00:00,4.20862,4.20988,4.15305,4.15305,353039.31880001
2025-04-28,16:15:00,4.15355,4.17265,4.13304,4.16935,68772.330105035
2025-04-28,16:30:00,4.17075,4.20148,4.16945,4.18636,250492.623845
2025-04-28,16:45:00,4.18766,4.18816,4.15506,4.16315,100423.7281732
2025-04-28,17:00:00,4.16035,4.18045,4.15266,4.15456,82021.531844991
2025-04-28,17:15:00,4.15456,4.16465,4.13425,4.13705,70598.450120002
2025-04-28,17:30:00,4.13775,4.14546,4.09563,4.09603,184828.47073637
2025-04-28,17:45:00,4.09603,4.11455,4.09194,4.11044,97518.478922
2025-04-28,18:00:00,4.11184,4.11374,4.08893,4.09243,110427.0562461
2025-04-28,18:15:00,4.09834,4.11874,4.09834,4.09971,73171.8663043
2025-04-28,18:30:00,4.10021,4.11689,4.09069,4.10438,198719.10132
2025-04-28,18:45:00,4.10438,4.14529,4.10438,4.14189,90911.994048609
2025-04-28,19:00:00,4.14219,4.1492,4.1315,4.1315,130252.139952
2025-04-28,19:15:00,4.1304,4.1597,4.1304,4.1597,386887.35922645
2025-04-28,19:30:00,4.1597,4.1604,4.1346,4.1367,114530.214622
2025-04-28,19:45:00,4.138,4.16008,4.13527,4.16008,69471.75917
2025-04-28,20:00:00,4.16157,4.17237,4.15487,4.17087,74944.843368
2025-04-28,20:15:00,4.17087,4.19826,4.17087,4.17846,159372.60167745
2025-04-28,20:30:00,4.17736,4.18428,4.16627,4.17968,75529.118314402
2025-04-28,20:45:00,4.18498,4.20088,4.17746,4.19586,119778.4981212
2025-04-28,21:00:00,4.19586,4.20258,4.1887,4.18928,82628.080134
2025-04-28,21:15:00,4.19688,4.23038,4.18828,4.2106,129855.502327
2025-04-28,21:30:00,4.209,4.23695,4.209,4.23165,188892.5739
2025-04-28,21:45:00,4.23005,4.24255,4.23005,4.24255,284517.8888015
2025-04-28,22:00:00,4.24255,4.2447,4.2325,4.2429,117107.954054
2025-04-28,22:15:00,4.2421,4.24428,4.23218,4.23978,66950.674265054
2025-04-28,22:30:00,4.23978,4.25077,4.22478,4.24898,70319.379558
2025-04-28,22:45:00,4.24898,4.25022,4.23455,4.24068,40997.716132944
2025-04-28,23:00:00,4.24068,4.24198,4.21476,4.21878,58006.891206
2025-04-28,23:15:00,4.21988,4.24028,4.21886,4.23088,193151.824329
2025-04-28,23:30:00,4.23088,4.2381,4.21828,4.2223,78560.080877
2025-04-28,23:45:00,4.2227,4.22788,4.20828,4.21198,187735.762824
2025-04-28,23:59:00,4.21148,4.2366,4.21098,4.22948,74939.930937205
2025-04-29,00:15:00,4.22948,4.2489,4.22378,4.24588,286072.7503323
2025-04-29,00:30:00,4.2467,4.2544,4.2421,4.2446,269025.78630444
2025-04-29,00:45:00,4.2446,4.2476,4.2376,4.2459,57918.38599209
2025-04-29,01:00:00,4.2474,4.26587,4.2436,4.2626,96497.445760894
2025-04-29,01:15:00,4.2629,4.2629,4.2517,4.2517,97963.874729
2025-04-29,01:30:00,4.2517,4.2529,4.2304,4.2396,33101.908343
2025-04-29,01:45:00,4.2396,4.24328,4.2271,4.24328,32734.491129
2025-04-29,02:00:00,4.24228,4.2444,4.22898,4.23208,19333.169550992
2025-04-29,02:15:00,4.23228,4.2773,4.23228,4.2773,140684.131476
2025-04-29,02:30:00,4.2773,4.27857,4.26487,4.27497,128167.165819
2025-04-29,02:45:00,4.27747,4.2917,4.2716,4.2871,76215.720674
2025-04-29,03:00:00,4.2883,4.2969,4.2833,4.2955,254374.647543
2025-04-29,03:15:00,4.2949,4.3125,4.2936,4.3054,312802.579398
2025-04-29,03:30:00,4.3077,4.3115,4.2835,4.29527,160251.844153
2025-04-29,03:45:00,4.29527,4.29527,4.27417,4.2883,149469.164665
2025-04-29,04:00:00,4.2883,4.2953,4.2795,4.2836,69609.881431
2025-04-29,04:15:00,4.2836,4.2857,4.25747,4.25887,125265.5290567
2025-04-29,04:30:00,4.25877,4.2814,4.25717,4.26697,54566.6021424
2025-04-29,04:45:00,4.2675,4.2839,4.25987,4.2825,39855.3314556
2025-04-29,05:00:00,4.2805,4.2805,4.2524,4.2601,67155.812123
2025-04-29,05:15:00,4.25917,4.2774,4.25777,4.2747,156095.145135
2025-04-29,05:30:00,4.2752,4.28167,4.26997,4.28117,54782.4798307
2025-04-29,05:45:00,4.28117,4.2848,4.27427,4.27767,46423.832561
2025-04-29,06:00:00,4.2774,4.28557,4.27385,4.28427,25198.7342188
2025-04-29,06:15:00,4.28347,4.28454,4.27377,4.27874,33617.524121
2025-04-29,06:30:00,4.28074,4.2922,4.27984,4.28584,45518.866953
2025-04-29,06:45:00,4.28584,4.2915,4.2634,4.2634,51933.006696882
2025-04-29,07:00:00,4.2634,4.2634,4.23798,4.24888,32893.325848
2025-04-29,07:15:00,4.24997,4.25843,4.2425,4.255,45935.334078871
2025-04-29,07:30:00,4.2592,4.2634,4.24408,4.24768,45641.027061
2025-04-29,07:45:00,4.24288,4.26883,4.24168,4.26453,23321.640695375
2025-04-29,08:00:00,4.26343,4.27073,4.2596,4.26693,40991.1209216
2025-04-29,08:15:00,4.26693,4.29923,4.26173,4.29193,45487.775829
2025-04-29,08:30:00,4.2955,4.32983,4.29503,4.31693,100497.956754
2025-04-29,08:45:00,4.31693,4.3237,4.3045,4.3078,108353.46753008
2025-04-29,09:00:00,4.3078,4.3175,4.2978,4.3175,49455.737656074
2025-04-29,09:15:00,4.3184,4.3184,4.29693,4.2997,168035.49721267
2025-04-29,09:30:00,4.29573,4.3018,4.2943,4.29737,28558.409268302
2025-04-29,09:45:00,4.29737,4.3024,4.28621,4.29181,47262.9141858
2025-04-29,10:00:00,4.29371,4.3055,4.29074,4.3055,51010.308337685
2025-04-29,10:15:00,4.30507,4.3055,4.29207,4.29317,29477.194229
2025-04-29,10:30:00,4.29677,4.3093,4.29677,4.30027,64200.449139
2025-04-29,10:45:00,4.2939,4.2979,4.28063,4.28223,73980.381235
2025-04-29,11:00:00,4.27903,4.29303,4.27893,4.28693,39563.602571
2025-04-29,11:15:00,4.28693,4.30363,4.27993,4.28236,41609.609671
2025-04-29,11:30:00,4.28246,4.29026,4.27283,4.27283,70043.516803
2025-04-29,11:45:00,4.27385,4.27883,4.26735,4.27415,289276.06317949
2025-04-29,12:00:00,4.27415,4.27535,4.26763,4.27365,21005.588254036
2025-04-29,12:15:00,4.27856,4.28973,4.27693,4.28493,82051.224111
2025-04-29,12:30:00,4.28483,4.30459,4.28483,4.28726,48871.9472038
2025-04-29,12:45:00,4.28826,4.28826,4.26193,4.26275,56081.208836
2025-04-29,13:00:00,4.25855,4.26078,4.24145,4.25768,115765.1511096
2025-04-29,13:15:00,4.25648,4.26283,4.24802,4.26243,104059.5466125
2025-04-29,13:30:00,4.26243,4.27055,4.25635,4.25755,201806.614411
2025-04-29,13:45:00,4.25455,4.25475,4.24435,4.24832,46344.429112
2025-04-29,14:00:00,4.24832,4.25303,4.24635,4.25193,32633.751209
2025-04-29,14:15:00,4.25193,4.25745,4.23642,4.24502,47713.7717823
2025-04-29,14:30:00,4.24552,4.24835,4.22054,4.22054,128804.443877
2025-04-29,14:45:00,4.22144,4.22735,4.21344,4.22402,151054.661337
2025-04-29,15:00:00,4.22482,4.23345,4.21254,4.21844,86426.576421
2025-04-29,15:15:00,4.21724,4.22775,4.20452,4.22592,102575.2082607
2025-04-29,15:30:00,4.22692,4.22812,4.20002,4.21902,112760.29745371
2025-04-29,15:45:00,4.21902,4.24525,4.21902,4.2381,64368.2704318
2025-04-29,16:00:00,4.2384,4.25002,4.2319,4.24672,86139.442807
2025-04-29,16:15:00,4.24672,4.28683,4.23425,4.27543,223100.561575
2025-04-29,16:30:00,4.26693,4.28203,4.26463,4.27313,155150.912438
2025-04-29,16:45:00,4.27313,4.2882,4.26753,4.2836,30138.471061
2025-04-29,17:00:00,4.2853,4.28803,4.26617,4.26777,21441.8613422
2025-04-29,17:15:00,4.26617,4.27047,4.25287,4.2564,13090.259529
2025-04-29,17:30:00,4.2561,4.25657,4.24298,4.24775,23150.0346991
2025-04-29,17:45:00,4.24665,4.26595,4.23955,4.26185,28493.7187085
2025-04-29,18:00:00,4.26367,4.27754,4.26127,4.27285,33357.328873
2025-04-29,18:15:00,4.27544,4.27584,4.26007,4.26715,144453.871152
2025-04-29,18:30:00,4.26295,4.26825,4.24908,4.25985,99135.1576767
2025-04-29,18:45:00,4.25985,4.2803,4.25175,4.27197,223065.6741728
2025-04-29,19:00:00,4.27757,4.2824,4.2666,4.2684,33053.820404
2025-04-29,19:15:00,4.2683,4.2697,4.23198,4.24108,114261.7559179
2025-04-29,19:30:00,4.24498,4.26507,4.24398,4.25507,27590.913722
2025-04-29,19:45:00,4.25637,4.25897,4.24565,4.24995,64661.2776732
2025-04-29,20:00:00,4.24665,4.25407,4.23975,4.25327,91715.132738
2025-04-29,20:15:00,4.25327,4.25357,4.23908,4.23908,180361.308845
2025-04-29,20:30:00,4.23908,4.24308,4.23255,4.23985,74312.624277
2025-04-29,20:45:00,4.24035,4.24628,4.23475,4.24565,44411.5043145
2025-04-29,21:00:00,4.24435,4.24975,4.23825,4.24188,67757.405603
2025-04-29,21:15:00,4.24248,4.24608,4.23935,4.24608,221420.45187
2025-04-29,21:30:00,4.24398,4.24398,4.23398,4.23655,119661.282476
2025-04-29,21:45:00,4.23665,4.24795,4.23275,4.23365,23554.835099
2025-04-29,22:00:00,4.23323,4.2384,4.22718,4.22758,35050.550859
2025-04-29,22:15:00,4.2287,4.2325,4.2174,4.2174,48623.5635556
2025-04-29,22:30:00,4.2174,4.2195,4.19976,4.19976,69579.78544
2025-04-29,22:45:00,4.20156,4.20156,4.18808,4.19886,186865.5798504
2025-04-29,23:00:00,4.19786,4.20006,4.19136,4.19178,39562.6441909
2025-04-29,23:15:00,4.19118,4.19118,4.16198,4.16968,92541.087186
2025-04-29,23:30:00,4.16718,4.17098,4.15518,4.15908,232849.990188
2025-04-29,23:45:00,4.16098,4.1774,4.15378,4.1684,188487.071254
2025-04-29,23:59:00,4.16518,4.16798,4.14699,4.15318,196211.27815877
2025-04-30,00:15:00,4.15898,4.17248,4.14508,4.14558,78410.525376
2025-04-30,00:30:00,4.14468,4.1536,4.1356,4.1392,51635.872411334
2025-04-30,00:45:00,4.1381,4.14981,4.1326,4.13401,122877.080366
2025-04-30,01:00:00,4.13401,4.14081,4.123,4.13981,53976.668541
2025-04-30,01:15:00,4.1394,4.14731,4.10861,4.11091,91686.017335
2025-04-30,01:30:00,4.11091,4.11511,4.1023,4.11282,76413.2937427
2025-04-30,01:45:00,4.11032,4.13463,4.10863,4.13393,17561.4497554
2025-04-30,02:00:00,4.13463,4.1499,4.12953,4.1486,40130.110225
2025-04-30,02:15:00,4.14944,4.15284,4.12929,4.13169,251128.878591
2025-04-30,02:30:00,4.13159,4.14464,4.12443,4.12443,133826.2605529
2025-04-30,02:45:00,4.12053,4.14449,4.11773,4.14033,123098.6113278
2025-04-30,03:00:00,4.13703,4.13943,4.13053,4.13433,43186.06005155
2025-04-30,03:15:00,4.13343,4.14045,4.11464,4.12054,29706.338899256
2025-04-30,03:30:00,4.12704,4.13034,4.10834,4.12074,59729.107337
2025-04-30,03:45:00,4.12074,4.12843,4.11042,4.11393,144975.3832105
2025-04-30,04:00:00,4.11393,4.11601,4.09132,4.11541,343091.0940815
2025-04-30,04:15:00,4.11551,4.13243,4.11311,4.13243,111216.303924
2025-04-30,04:30:00,4.13341,4.14933,4.13341,4.14643,84696.842183
2025-04-30,04:45:00,4.14833,4.15392,4.13143,4.15392,68772.8635124
2025-04-30,05:00:00,4.14133,4.15682,4.14133,4.15593,51897.510452
2025-04-30,05:15:00,4.15743,4.15793,4.14191,4.14273,62437.244006
2025-04-30,05:30:00,4.14373,4.16023,4.14271,4.15833,62193.82914
2025-04-30,05:45:00,4.15723,4.16183,4.14901,4.15802,24635.760284
2025-04-30,06:00:00,4.15602,4.17523,4.15522,4.16943,26957.5813084
2025-04-30,06:15:00,4.17023,4.17563,4.16035,4.16705,110408.68794
2025-04-30,06:30:00,4.16433,4.16633,4.15803,4.16262,57826.393253
2025-04-30,06:45:00,4.16303,4.16453,4.15122,4.16092,27623.46503
2025-04-30,07:00:00,4.15892,4.17123,4.15762,4.15962,64753.09010663
2025-04-30,07:15:00,4.15962,4.16763,4.15202,4.15202,45621.29320539
2025-04-30,07:30:00,4.15402,4.16133,4.14643,4.15202,50639.004005
2025-04-30,07:45:00,4.15202,4.15623,4.14661,4.15582,49710.5378278
2025-04-30,08:00:00,4.15352,4.15352,4.13901,4.1413,16880.971233
2025-04-30,08:15:00,4.14721,4.1484,4.1349,4.1349,29419.19063
2025-04-30,08:30:00,4.1349,4.14141,4.1292,4.14141,27237.776815049
2025-04-30,08:45:00,4.14141,4.14731,4.1293,4.1293,42051.5150625
2025-04-30,09:00:00,4.1301,4.1338,4.12001,4.1234,22055.1354341
2025-04-30,09:15:00,4.1234,4.1274,4.11591,4.12191,10166.751315
2025-04-30,09:30:00,4.1204,4.13071,4.1204,4.12371,46422.761625749
2025-04-30,09:45:00,4.12261,4.12261,4.09981,4.09991,54276.141318
2025-04-30,10:00:00,4.09991,4.1161,4.09051,4.1157,55695.02806299
2025-04-30,10:15:00,4.1157,4.1161,4.09819,4.09999,82636.947692
2025-04-30,10:30:00,4.11699,4.1204,4.09609,4.09639,144798.14064
2025-04-30,10:45:00,4.09639,4.09639,4.08419,4.09468,74144.154221
2025-04-30,11:00:00,4.09548,4.10549,4.08868,4.10139,34890.8497354
2025-04-30,11:15:00,4.10399,4.10779,4.09399,4.10499,64873.467777747
2025-04-30,11:30:00,4.10699,4.11508,4.10259,4.11399,78631.3638576
2025-04-30,11:45:00,4.11689,4.14097,4.11569,4.14067,157277.269586
2025-04-30,12:00:00,4.13967,4.13967,4.12547,4.12797,69702.078843
2025-04-30,12:15:00,4.12899,4.13217,4.12597,4.12777,65461.825828
2025-04-30,12:30:00,4.13009,4.13999,4.12619,4.13457,34169.2848018
2025-04-30,12:45:00,4.13289,4.14899,4.1283,4.14899,58969.0252839
2025-04-30,13:00:00,4.1474,4.1625,4.14729,4.162,46897.538416743
2025-04-30,13:15:00,4.162,4.1654,4.15678,4.1654,72117.5900747
2025-04-30,13:30:00,4.1654,4.1657,4.1542,4.1586,47484.924793
2025-04-30,13:45:00,4.1586,4.1714,4.15792,4.16972,86474.2200489
2025-04-30,14:00:00,4.16892,4.16892,4.15508,4.16098,55614.393029
2025-04-30,14:15:00,4.16018,4.16228,4.1475,4.1505,62101.2276356
2025-04-30,14:30:00,4.15008,4.15098,4.1196,4.12001,127583.75673
2025-04-30,14:45:00,4.12001,4.12001,4.08691,4.09069,486712.677951
2025-04-30,15:00:00,4.09289,4.10101,4.07061,4.09891,135858.1014507
2025-04-30,15:15:00,4.09691,4.10231,4.06341,4.06401,74567.5050482
2025-04-30,15:30:00,4.06461,4.09372,4.05721,4.09372,88067.279823
2025-04-30,15:45:00,4.09242,4.11171,4.05821,4.08401,152035.124551
2025-04-30,16:00:00,4.08631,4.09308,4.03731,4.0432,157483.295107
2025-04-30,16:15:00,4.04381,4.0722,4.0292,4.0686,213677.068801
2025-04-30,16:30:00,4.0686,4.08721,4.0595,4.0868,274359.972653
2025-04-30,16:45:00,4.0868,4.10149,4.07558,4.07778,72333.883402335
2025-04-30,17:00:00,4.07409,4.08999,4.07139,4.08268,55438.037056
2025-04-30,17:15:00,4.08028,4.0877,4.07698,4.08119,32002.4267165
2025-04-30,17:30:00,4.08119,4.0942,4.07169,4.07439,40382.770293572
2025-04-30,17:45:00,4.07429,4.09408,4.06509,4.09398,58718.202321
2025-04-30,18:00:00,4.09498,4.10299,4.07678,4.07899,43757.904071689
2025-04-30,18:15:00,4.07899,4.08209,4.05359,4.05589,144360.29253
2025-04-30,18:30:00,4.05469,4.06219,4.0438,4.04389,89293.587502
2025-04-30,18:45:00,4.04429,4.07329,4.0399,4.07329,81518.4654734
2025-04-30,19:00:00,4.07329,4.07909,4.06609,4.07229,31903.5456017
2025-04-30,19:15:00,4.07229,4.07649,4.06049,4.06199,248428.450318
2025-04-30,19:30:00,4.06199,4.06399,4.045,4.06209,40833.206828003
2025-04-30,19:45:00,4.05689,4.08698,4.05349,4.07968,110937.3856699
2025-04-30,20:00:00,4.08038,4.09358,4.07968,4.08969,68273.188447
2025-04-30,20:15:00,4.09049,4.10908,4.08398,4.10908,71960.096874
2025-04-30,20:30:00,4.11009,4.11098,4.09498,4.09509,51100.210652
2025-04-30,20:45:00,4.09659,4.10258,4.08278,4.08278,45154.624134
2025-04-30,21:00:00,4.08508,4.08968,4.07948,4.08778,23691.078658227
2025-04-30,21:15:00,4.08709,4.08709,4.06549,4.06839,38408.4864754
2025-04-30,21:30:00,4.07209,4.07439,4.0489,4.05129,69505.1951264
2025-04-30,21:45:00,4.05179,4.06819,4.0465,4.06119,24618.962039185
2025-04-30,22:00:00,4.06479,4.08598,4.06359,4.08598,30908.532215
2025-04-30,22:15:00,4.08949,4.10568,4.07508,4.10568,74099.558347
2025-04-30,22:30:00,4.09968,4.13119,4.09968,4.12999,392769.7775394
2025-04-30,22:45:00,4.12977,4.13757,4.12719,4.13137,89841.488453
2025-04-30,23:00:00,4.13397,4.13439,4.11809,4.12318,43796.4414952
2025-04-30,23:15:00,4.12647,4.12997,4.10858,4.11389,46290.682866
2025-04-30,23:30:00,4.11519,4.12339,4.10758,4.11167,65283.354642
2025-04-30,23:45:00,4.11227,4.12379,4.11227,4.12199,215966.917721
2025-04-30,23:59:00,4.12349,4.12349,4.10778,4.10888,34174.560802
2025-05-01,00:15:00,4.10888,4.11358,4.09478,4.10258,28750.991419
2025-05-01,00:30:00,4.10838,4.11378,4.10269,4.10459,27742.5137554
2025-05-01,00:45:00,4.10399,4.10499,4.08309,4.08799,43090.760763077
2025-05-01,01:00:00,4.08628,4.08858,4.07438,4.07648,29504.8439093
2025-05-01,01:15:00,4.07758,4.08499,4.06499,4.07179,122846.967542
2025-05-01,01:30:00,4.07279,4.08758,4.07269,4.07619,115182.95895069
2025-05-01,01:45:00,4.07619,4.08268,4.07039,4.07758,35590.336014
2025-05-01,02:00:00,4.07658,4.07889,4.06659,4.07009,52205.530300519
2025-05-01,02:15:00,4.07009,4.07399,4.06379,4.06909,34728.192476
2025-05-01,02:30:00,4.06779,4.08619,4.06779,4.08589,153373.393551
2025-05-01,02:45:00,4.08508,4.09739,4.07578,4.09739,256825.4255682
2025-05-01,03:00:00,4.09639,4.09639,4.08591,4.09551,257600.47805654
2025-05-01,03:15:00,4.09731,4.11579,4.0855,4.1127,96691.958547
2025-05-01,03:30:00,4.11509,4.1216,4.11299,4.1173,78908.993475
2025-05-01,03:45:00,4.1173,4.1245,4.1054,4.1102,53420.02748162
2025-05-01,04:00:00,4.11009,4.11119,4.10089,4.1074,41893.914991476
2025-05-01,04:15:00,4.1074,4.1282,4.104,4.1264,81421.2686588
2025-05-01,04:30:00,4.12539,4.1257,4.11119,4.1114,225914.30944493
2025-05-01,04:45:00,4.1111,4.128,4.10979,4.1217,127640.15292
2025-05-01,05:00:00,4.11809,4.11809,4.0936,4.0975,49953.970453
2025-05-01,05:15:00,4.0966,4.11109,4.09509,4.0991,13068.1241269
2025-05-01,05:30:00,4.0984,4.1085,4.0973,4.10849,24903.844866
2025-05-01,05:45:00,4.10849,4.1199,4.1061,4.1184,91135.014335381
2025-05-01,06:00:00,4.1175,4.1175,4.0955,4.0997,5790.385773
2025-05-01,06:15:00,4.0994,4.1014,4.08989,4.09449,18474.691162
2025-05-01,06:30:00,4.09419,4.09899,4.0804,4.08119,54780.115269
2025-05-01,06:45:00,4.08179,4.0898,4.07709,4.08109,63845.293663
2025-05-01,07:00:00,4.08179,4.08679,4.08009,4.08679,48651.345787303
2025-05-01,07:15:00,4.08799,4.1004,4.08289,4.09799,43040.3154386
2025-05-01,07:30:00,4.09449,4.1094,4.09219,4.1094,22375.9519667
2025-05-01,07:45:00,4.1075,4.118,4.10369,4.11389,63745.480143
2025-05-01,08:00:00,4.11229,4.1226,4.11009,4.11519,68123.3446869
2025-05-01,08:15:00,4.11489,4.1183,4.1095,4.1153,80826.206664
2025-05-01,08:30:00,4.1136,4.1136,4.10259,4.10799,37639.730385
2025-05-01,08:45:00,4.1084,4.1125,4.10109,4.1076,46678.33877
2025-05-01,09:00:00,4.10579,4.1084,4.08949,4.09399,57379.521206
2025-05-01,09:15:00,4.09339,4.09669,4.0879,4.08819,43059.273337
2025-05-01,09:30:00,4.0884,4.1069,4.08699,4.09299,64731.026552
2025-05-01,09:45:00,4.09299,4.12029,4.09209,4.11709,71575.122116
2025-05-01,10:00:00,4.11709,4.1226,4.11519,4.1205,73791.5140172
2025-05-01,10:15:00,4.1205,4.1237,4.11539,4.11579,119006.8410671
2025-05-01,10:30:00,4.11399,4.1344,4.1114,4.13019,107635.3995501
2025-05-01,10:45:00,4.13169,4.1445,4.12769,4.1359,74984.441373457
2025-05-01,11:00:00,4.1316,4.13999,4.1296,4.13789,46333.959719
2025-05-01,11:15:00,4.13789,4.1505,4.13719,4.1466,54101.381475
2025-05-01,11:30:00,4.1466,4.15318,4.14069,4.15318,31022.1196568
2025-05-01,11:45:00,4.15338,4.15338,4.14419,4.14477,103672.936164
2025-05-01,12:00:00,4.14467,4.15708,4.14177,4.15597,89633.488285368
2025-05-01,12:15:00,4.15597,4.15777,4.14919,4.15398,49952.9516496
2025-05-01,12:30:00,4.15357,4.15398,4.15357,4.15398,81478.747548
2025-05-01,12:45:00,4.15357,4.1544,4.15357,4.15398,30922.578219
2025-05-01,13:00:00,4.15398,4.1544,4.15398,4.15398,24142.253006
2025-05-01,13:15:00,4.15398,4.1544,4.15357,4.1544,35939.274767
2025-05-01,13:30:00,4.1544,4.1544,4.15398,4.15398,18222.228696
2025-05-01,13:45:00,4.1544,4.17858,4.1544,4.16958,17384.067082
2025-05-01,14:00:00,4.16958,4.17858,4.16958,4.17558,15005.357434
2025-05-01,14:15:00,4.17808,4.18092,4.17162,4.17552,62069.474978342
2025-05-01,14:30:00,4.17692,4.17882,4.1678,4.17352,76444.46779
2025-05-01,14:45:00,4.17352,4.17892,4.1606,4.1685,76201.1753458
2025-05-01,15:00:00,4.1713,4.17702,4.1664,4.17302,169524.183169
2025-05-01,15:15:00,4.1726,4.1844,4.17252,4.1829,83403.3038749
2025-05-01,15:30:00,4.1836,4.18932,4.17682,4.1875,279649.989443
2025-05-01,15:45:00,4.1875,4.19262,4.1476,4.1476,231727.937994
2025-05-01,16:00:00,4.1476,4.1587,4.1291,4.13211,171364.801441
2025-05-01,16:15:00,4.13211,4.14971,4.12391,4.14121,126457.0408112
2025-05-01,16:30:00,4.14121,4.1526,4.1308,4.15003,83668.2075674
2025-05-01,16:45:00,4.15003,4.16465,4.15003,4.16455,83281.755456
2025-05-01,17:00:00,4.16455,4.16965,4.15135,4.16775,259292.3952083
2025-05-01,17:15:00,4.16965,4.20944,4.16935,4.20944,115239.332685
2025-05-01,17:30:00,4.20944,4.21526,4.19102,4.19392,191603.036155
2025-05-01,17:45:00,4.19392,4.20292,4.17982,4.18962,94093.586317702
2025-05-01,18:00:00,4.18792,4.18792,4.15443,4.15562,131338.182287
2025-05-01,18:15:00,4.15692,4.17508,4.15202,4.16657,95930.4529564
2025-05-01,18:30:00,4.16817,4.18708,4.16367,4.18328,75458.614793
2025-05-01,18:45:00,4.18848,4.20696,4.18056,4.20278,60631.2078435
2025-05-01,19:00:00,4.20278,4.20586,4.17898,4.17898,31737.643933814
2025-05-01,19:15:00,4.17718,4.18698,4.17436,4.18308,55123.335233
2025-05-01,19:30:00,4.18318,4.20014,4.18268,4.19844,72646.076918
2025-05-01,19:45:00,4.20004,4.20126,4.1613,4.1659,89954.625389
2025-05-01,20:00:00,4.16262,4.16892,4.1594,4.16752,106788.259313
2025-05-01,20:15:00,4.16752,4.17262,4.15312,4.15782,46439.785373404
2025-05-01,20:30:00,4.15782,4.15832,4.1421,4.1421,118822.4807835
2025-05-01,20:45:00,4.1439,4.16192,4.1416,4.16102,45895.1293984
2025-05-01,21:00:00,4.16102,4.17498,4.15932,4.17498,65537.7737496
2025-05-01,21:15:00,4.17498,4.17508,4.1635,4.169,30258.20647699
2025-05-01,21:30:00,4.1693,4.18148,4.1601,4.18148,87812.566889
2025-05-01,21:45:00,4.18148,4.1907,4.17608,4.18528,48553.6109156
2025-05-01,22:00:00,4.18348,4.1874,4.17298,4.1783,39981.287291
2025-05-01,22:15:00,4.1796,4.19598,4.157,4.19598,71406.230786
2025-05-01,22:30:00,4.19598,4.19858,4.1906,4.19594,41876.350308
2025-05-01,22:45:00,4.19624,4.20324,4.19194,4.19892,27691.5002516
2025-05-01,23:00:00,4.19832,4.20002,4.1875,4.18922,36022.118292118
2025-05-01,23:15:00,4.1889,4.212,4.1874,4.2115,106360.1681059
2025-05-01,23:30:00,4.2115,4.2235,4.2115,4.2235,132770.39404687
2025-05-01,23:45:00,4.2227,4.2236,4.2024,4.2151,77723.27447659
2025-05-01,23:59:00,4.2154,4.2165,4.20518,4.20618,77425.585824
2025-05-02,00:15:00,4.20708,4.21288,4.1982,4.20208,35394.973584
2025-05-02,00:30:00,4.20388,4.2122,4.199,4.2105,60798.174488802
2025-05-02,00:45:00,4.2116,4.2116,4.18788,4.19068,111947.8852
2025-05-02,01:00:00,4.1894,4.19238,4.18478,4.1875,34791.382848005
2025-05-02,01:15:00,4.1864,4.1937,4.175,4.17672,84013.196615
2025-05-02,01:30:00,4.17802,4.1829,4.1724,4.182,140682.97017677
2025-05-02,01:45:00,4.18692,4.19632,4.1616,4.16712,63539.646932
2025-05-02,02:00:00,4.16712,4.1769,4.1612,4.16982,154033.9868091
2025-05-02,02:15:00,4.16982,4.1879,4.16698,4.1729,58739.655528629
2025-05-02,02:30:00,4.1729,4.2112,4.1684,4.2099,47495.081789
2025-05-02,02:45:00,4.2116,4.21728,4.1971,4.2013,26879.985027473
2025-05-02,03:00:00,4.2024,4.2201,4.19908,4.2201,16011.1357188
2025-05-02,03:15:00,4.2201,4.22348,4.21118,4.21718,67274.022469
2025-05-02,03:30:00,4.21868,4.23348,4.2129,4.2129,19065.24648601
2025-05-02,03:45:00,4.2114,4.2125,4.1892,4.1963,44992.1007797
2025-05-02,04:00:00,4.1951,4.2188,4.1926,4.2172,15163.9522991
2025-05-02,04:15:00,4.2154,4.2242,4.1975,4.2167,58178.426150828
2025-05-02,04:30:00,4.2175,4.2388,4.2175,4.23433,63943.484616
2025-05-02,04:45:00,4.23831,4.24613,4.22941,4.23923,100619.141203
2025-05-02,05:00:00,4.24103,4.26342,4.24103,4.25922,135403.0901892
2025-05-02,05:15:00,4.26212,4.28461,4.26169,4.27912,253378.298735
2025-05-02,05:30:00,4.27912,4.28561,4.25522,4.26082,158953.3992948
2025-05-02,05:45:00,4.26082,4.26212,4.24833,4.24922,85933.77936
2025-05-02,06:00:00,4.24733,4.25342,4.24193,4.24703,69077.696018
2025-05-02,06:15:00,4.24743,4.24882,4.23903,4.24772,134304.30798509
2025-05-02,06:30:00,4.24682,4.24822,4.2164,4.2234,253729.36349364
2025-05-02,06:45:00,4.2234,4.22564,4.1955,4.1962,113110.497113
2025-05-02,07:00:00,4.1949,4.20364,4.18534,4.19234,111421.11740795
2025-05-02,07:15:00,4.19404,4.20382,4.19244,4.20192,79672.1639562
2025-05-02,07:30:00,4.20192,4.20732,4.17822,4.18075,87381.258252
2025-05-02,07:45:00,4.18586,4.19446,4.17744,4.18244,82741.002848963
2025-05-02,08:00:00,4.18254,4.18982,4.17764,4.18074,69438.2883476
2025-05-02,08:15:00,4.17323,4.18796,4.17323,4.18244,70354.37767083
2025-05-02,08:30:00,4.18394,4.22247,4.18394,4.21807,244223.3180689
2025-05-02,08:45:00,4.21416,4.23625,4.21142,4.22615,93776.288356
2025-05-02,09:00:00,4.21124,4.22367,4.20914,4.22062,18526.283085
2025-05-02,09:15:00,4.22062,4.22062,4.19102,4.1966,17953.345012
2025-05-02,09:30:00,4.19492,4.2107,4.19492,4.2068,13540.5448254
2025-05-02,09:45:00,4.2054,4.2097,4.18402,4.1886,55928.992191
2025-05-02,10:00:00,4.1894,4.19842,4.1855,4.18802,8999.150259
2025-05-02,10:15:00,4.18684,4.19594,4.18532,4.19362,45176.692201
2025-05-02,10:30:00,4.19482,4.23285,4.19482,4.23045,147438.479352
2025-05-02,10:45:00,4.23145,4.23445,4.21292,4.22134,60090.308521
2025-05-02,11:00:00,4.22194,4.22484,4.21752,4.22082,74432.845116
2025-05-02,11:15:00,4.22424,4.22932,4.21592,4.22384,72960.321885
2025-05-02,11:30:00,4.22304,4.22905,4.21612,4.21954,42680.158517
2025-05-02,11:45:00,4.22044,4.22564,4.20374,4.21284,102470.620569
2025-05-02,12:00:00,4.20884,4.21144,4.19762,4.20734,50008.9280826
2025-05-02,12:15:00,4.20894,4.21074,4.19794,4.20802,95214.483432358
2025-05-02,12:30:00,4.20972,4.21274,4.17752,4.17982,205889.588611
2025-05-02,12:45:00,4.17982,4.18844,4.16892,4.16892,134916.946889
2025-05-02,13:00:00,4.16862,4.18616,4.16692,4.17655,83814.31431
2025-05-02,13:15:00,4.17463,4.18412,4.16633,4.18372,139556.485573
2025-05-02,13:30:00,4.17962,4.19224,4.17962,4.18734,73929.12928
2025-05-02,13:45:00,4.18864,4.19224,4.17634,4.18234,43898.861184
2025-05-02,14:00:00,4.18234,4.18434,4.17292,4.18024,64326.6458132
2025-05-02,14:15:00,4.18044,4.18954,4.17372,4.18954,50263.412557551
2025-05-02,14:30:00,4.19124,4.19344,4.17222,4.17704,81519.42511139
2025-05-02,14:45:00,4.17704,4.20692,4.1618,4.1827,207592.660366
2025-05-02,15:00:00,4.1827,4.19292,4.1692,4.18862,39405.703312
2025-05-02,15:15:00,4.18862,4.20902,4.18862,4.1965,65201.398982
2025-05-02,15:30:00,4.1955,4.2,4.1865,4.1865,82921.726801
2025-05-02,15:45:00,4.1864,4.19792,4.17692,4.1834,101572.98609
2025-05-02,16:00:00,4.1822,4.20012,4.1807,4.18692,38308.325595
2025-05-02,16:15:00,4.18562,4.22132,4.18552,4.20822,123072.156056
2025-05-02,16:30:00,4.20822,4.21922,4.1953,4.21922,73879.016346314
2025-05-02,16:45:00,4.21312,4.23812,4.2097,4.23332,110883.628091
2025-05-02,17:00:00,4.23442,4.2365,4.22222,4.2357,122056.617745
2025-05-02,17:15:00,4.2322,4.24132,4.2207,4.22112,199383.9080247
2025-05-02,17:30:00,4.21992,4.22892,4.20522,4.20622,108320.379152
2025-05-02,17:45:00,4.20622,4.2119,4.19302,4.2086,142409.513908
2025-05-02,18:00:00,4.2095,4.22122,4.2032,4.2045,59560.605783
2025-05-02,18:15:00,4.2046,4.22882,4.2012,4.2198,104702.777235
2025-05-02,18:30:00,4.2198,4.23125,4.2175,4.22655,61642.416103
2025-05-02,18:45:00,4.22742,4.23075,4.21482,4.22885,164744.8061521
2025-05-02,19:00:00,4.22544,4.22905,4.21274,4.21804,161514.6537502
2025-05-02,19:15:00,4.21834,4.22044,4.19714,4.20394,108653.724328
2025-05-02,19:30:00,4.19944,4.20664,4.19492,4.20664,115867.049629
2025-05-02,19:45:00,4.20594,4.20644,4.18974,4.19624,40964.62421
2025-05-02,20:00:00,4.19544,4.19544,4.18144,4.18544,69277.388181
2025-05-02,20:15:00,4.18314,4.19952,4.18282,4.19602,31081.030381
2025-05-02,20:30:00,4.19792,4.20094,4.19134,4.19134,70600.650677864
2025-05-02,20:45:00,4.19474,4.19474,4.18194,4.19036,26210.1206892
2025-05-02,21:00:00,4.18876,4.19434,4.17193,4.17233,208644.9960732
2025-05-02,21:15:00,4.17323,4.17323,4.15643,4.15703,74895.745873
2025-05-02,21:30:00,4.15703,4.15833,4.14553,4.15723,48125.80564719
2025-05-02,21:45:00,4.15573,4.15573,4.13523,4.13813,29223.743315705
2025-05-02,22:00:00,4.14103,4.14103,4.12743,4.13991,58101.393518339
2025-05-02,22:15:00,4.13891,4.15293,4.12903,4.15183,49391.472080965
2025-05-02,22:30:00,4.15193,4.15833,4.14621,4.15323,24818.256237
2025-05-02,22:45:00,4.15303,4.15303,4.14381,4.15123,36401.951682
2025-05-02,23:00:00,4.15553,4.15872,4.15123,4.15182,10938.514691565
2025-05-02,23:15:00,4.15182,4.15952,4.14701,4.15508,37572.291781522
2025-05-02,23:30:00,4.16538,4.1669,4.15418,4.1609,28708.345892
2025-05-02,23:45:00,4.1606,4.1693,4.15938,4.1693,34580.740082403
2025-05-02,23:59:00,4.1698,4.1698,4.14689,4.14939,44252.9057878
2025-05-03,00:15:00,4.14689,4.1574,4.14019,4.14569,41581.423429
2025-05-03,00:30:00,4.14839,4.1574,4.14479,4.14929,52979.567295
2025-05-03,00:45:00,4.14809,4.16098,4.14619,4.16008,30561.65609
2025-05-03,01:00:00,4.16168,4.16168,4.15318,4.15608,21416.5337
2025-05-03,01:15:00,4.15618,4.1579,4.14859,4.14859,99340.008662
2025-05-03,01:30:00,4.15108,4.159,4.14909,4.1583,44136.882823
2025-05-03,01:45:00,4.1583,4.1614,4.1515,4.1515,19388.373218
2025-05-03,02:00:00,4.1525,4.15838,4.1503,4.15808,42602.041231
2025-05-03,02:15:00,4.15808,4.1634,4.15718,4.1588,90700.302265
2025-05-03,02:30:00,4.1579,4.1579,4.1451,4.1451,41504.340188
2025-05-03,02:45:00,4.1451,4.1533,4.1382,4.1386,46969.851202
2025-05-03,03:00:00,4.13671,4.14011,4.1185,4.1185,50162.104442
2025-05-03,03:15:00,4.1185,4.1259,4.11501,4.11611,74524.09042727
2025-05-03,03:30:00,4.11491,4.1176,4.1056,4.1121,245812.88608016
2025-05-03,03:45:00,4.11251,4.11801,4.10271,4.10531,183246.418315
2025-05-03,04:00:00,4.10531,4.11631,4.10151,4.1114,41505.553100956
2025-05-03,04:15:00,4.1124,4.11612,4.10709,4.10772,19364.0093232
2025-05-03,04:30:00,4.10732,4.11831,4.10641,4.11681,19283.790304
2025-05-03,04:45:00,4.11471,4.13133,4.11471,4.12721,31940.94859264
2025-05-03,05:00:00,4.12611,4.12741,4.11471,4.11652,82792.448277082
2025-05-03,05:15:00,4.11512,4.12723,4.11512,4.12713,61126.6889259
2025-05-03,05:30:00,4.12713,4.13791,4.12492,4.13011,23983.368638
2025-05-03,05:45:00,4.13011,4.13011,4.12301,4.12723,33410.7492933
2025-05-03,06:00:00,4.12603,4.14013,4.12582,4.13923,53404.17802722
2025-05-03,06:15:00,4.13913,4.14523,4.13281,4.13281,38817.807992
2025-05-03,06:30:00,4.13323,4.14781,4.13323,4.14601,26522.181635901
2025-05-03,06:45:00,4.14601,4.1527,4.14291,4.1527,28216.431318
2025-05-03,07:00:00,4.1525,4.15812,4.14801,4.15772,36339.909217
2025-05-03,07:15:00,4.15772,4.16132,4.15302,4.1554,53957.341178
2025-05-03,07:30:00,4.1532,4.16082,4.14761,4.15202,150445.8028274
2025-05-03,07:45:00,4.15102,4.1626,4.15042,4.1597,210767.073467
2025-05-03,08:00:00,4.1595,4.1696,4.1547,4.16612,23582.194953
2025-05-03,08:15:00,4.16672,4.16792,4.1526,4.15692,124760.43232396
2025-05-03,08:30:00,4.15492,4.15492,4.14001,4.14121,72117.76845391
2025-05-03,08:45:00,4.14121,4.1594,4.14041,4.1528,70843.8766886
2025-05-03,09:00:00,4.1534,4.16182,4.1515,4.15432,45582.5583935
2025-05-03,09:15:00,4.15432,4.15582,4.1456,4.15582,121835.10798911
2025-05-03,09:30:00,4.15762,4.16202,4.14611,4.14611,65100.416491
2025-05-03,09:45:00,4.14411,4.1484,4.1397,4.14611,31092.718279
2025-05-03,10:00:00,4.14471,4.15132,4.1414,4.1452,16632.997568
2025-05-03,10:15:00,4.1466,4.15282,4.1236,4.12691,43224.641859
2025-05-03,10:30:00,4.12511,4.1295,4.1175,4.1234,193396.88158757
2025-05-03,10:45:00,4.1245,4.14881,4.1194,4.14471,90232.955561
2025-05-03,11:00:00,4.1466,4.15092,4.1426,4.1426,65030.478317585
2025-05-03,11:15:00,4.1426,4.1454,4.13191,4.13191,77525.593202
2025-05-03,11:30:00,4.131,4.1346,4.12711,4.13121,69832.7303266
2025-05-03,11:45:00,4.13001,4.13921,4.1291,4.13191,39779.85555
2025-05-03,12:00:00,4.12601,4.12651,4.11721,4.12331,29959.168777
2025-05-03,12:15:00,4.12081,4.12091,4.10399,4.1054,219334.735711
2025-05-03,12:30:00,4.1045,4.1065,4.09429,4.1042,134195.158735
2025-05-03,12:45:00,4.1034,4.1074,4.09569,4.1004,121908.278156
2025-05-03,13:00:00,4.0976,4.1023,4.0897,4.0906,167181.289334
2025-05-03,13:15:00,4.0784,4.0894,4.07509,4.0826,182329.5506392
2025-05-03,13:30:00,4.0824,4.09249,4.08119,4.09249,103210.642901
2025-05-03,13:45:00,4.09249,4.0989,4.0835,4.0897,241026.2105908
2025-05-03,14:00:00,4.09019,4.09389,4.08209,4.08679,82688.49248797
2025-05-03,14:15:00,4.08799,4.0914,4.08199,4.0914,84064.855357
2025-05-03,14:30:00,4.0896,4.1041,4.08709,4.1026,220858.680287
2025-05-03,14:45:00,4.1033,4.1094,4.10119,4.1094,155044.94825941
2025-05-03,15:00:00,4.10899,4.1144,4.10469,4.1133,50856.987954
2025-05-03,15:15:00,4.1147,4.12,4.10519,4.1146,136298.770589
2025-05-03,15:30:00,4.1134,4.12289,4.1133,4.1206,118788.2522723
2025-05-03,15:45:00,4.1206,4.1247,4.11249,4.1146,50740.5238541
2025-05-03,16:00:00,4.1138,4.11439,4.10859,4.10869,37516.183284
2025-05-03,16:15:00,4.11069,4.1154,4.10619,4.1097,42782.911272
2025-05-03,16:30:00,4.1105,4.1195,4.10919,4.10919,32405.852917
2025-05-03,16:45:00,4.11019,4.1179,4.10549,4.10769,54174.729530899
2025-05-03,17:00:00,4.11049,4.12679,4.1087,4.1255,45790.317194
2025-05-03,17:15:00,4.1216,4.14169,4.12029,4.14029,68529.767461
2025-05-03,17:30:00,4.14029,4.14449,4.13309,4.14051,40036.681462966
2025-05-03,17:45:00,4.1399,4.14181,4.12651,4.1299,73907.73035829
2025-05-03,18:00:00,4.1299,4.13621,4.1202,4.12131,31904.321248
2025-05-03,18:15:00,4.12131,4.12131,4.1034,4.1052,64016.721329
2025-05-03,18:30:00,4.1052,4.10739,4.09001,4.0928,122997.401144
2025-05-03,18:45:00,4.0928,4.0928,4.0594,4.0594,184954.740891
2025-05-03,19:00:00,4.0594,4.07061,4.0543,4.07061,103472.25773117
2025-05-03,19:15:00,4.07061,4.07791,4.0134,4.0291,233542.68405987
2025-05-03,19:30:00,4.0291,4.0413,4.0259,4.0409,76505.977861
2025-05-03,19:45:00,4.0409,4.0471,4.0281,4.0332,82944.4907777
2025-05-03,20:00:00,4.0314,4.0525,4.0256,4.0507,160264.8116
2025-05-03,20:15:00,4.0534,4.0585,4.05159,4.0573,67335.52980074
2025-05-03,20:30:00,4.0592,4.0698,4.0592,4.06481,68805.511226
2025-05-03,20:45:00,4.06801,4.0718,4.0415,4.0415,27320.351257
2025-05-03,21:00:00,4.0459,4.05049,4.0361,4.0447,31771.1202281
2025-05-03,21:15:00,4.045,4.0465,4.0359,4.0418,41677.639323204
2025-05-03,21:30:00,4.0426,4.05359,4.0405,4.05119,59997.27205077
2025-05-03,21:45:00,4.05119,4.06129,4.0444,4.05619,56021.756283
2025-05-03,22:00:00,4.0576,4.06519,4.0576,4.06519,29051.10407445
2025-05-03,22:15:00,4.06079,4.0733,4.06079,4.06609,91006.939113
2025-05-03,22:30:00,4.0653,4.0714,4.0558,4.05929,56505.067687
2025-05-03,22:45:00,4.05929,4.0654,4.0534,4.05899,38340.12952361
2025-05-03,23:00:00,4.05899,4.05899,4.0477,4.05099,36734.252637
2025-05-03,23:15:00,4.0514,4.0626,4.0374,4.0382,78943.652301
2025-05-03,23:30:00,4.0391,4.07099,4.0342,4.05399,126265.066526
2025-05-03,23:45:00,4.05509,4.0749,4.05509,4.0691,145949.085916
2025-05-03,23:59:00,4.069,4.069,4.05079,4.0519,168116.445683
2025-05-04,00:15:00,4.0464,4.05839,4.0416,4.0426,87714.812098
2025-05-04,00:30:00,4.0412,4.0468,4.0358,4.0414,50859.332883
2025-05-04,00:45:00,4.0414,4.0493,4.0319,4.0375,23172.343854
2025-05-04,01:00:00,4.0408,4.0531,4.0385,4.0504,39877.220647
2025-05-04,01:15:00,4.05199,4.0556,4.0436,4.0454,62471.19933
2025-05-04,01:30:00,4.0445,4.0529,4.0422,4.0463,75635.7961867
2025-05-04,01:45:00,4.0471,4.0517,4.03,4.0345,52346.184704
2025-05-04,02:00:00,4.0363,4.0466,4.031,4.0341,56843.2053584
2025-05-04,02:15:00,4.0337,4.0353,4.0181,4.0241,99799.942164209
2025-05-04,02:30:00,4.0251,4.0365,4.0244,4.0244,66057.6016907
2025-05-04,02:45:00,4.0244,4.0293,3.9995,4.0054,1041354.7192609
2025-05-04,03:00:00,4.0054,4.0105,3.9991,4.0011,84359.54806548
2025-05-04,03:15:00,4.001,4.011,3.9915,3.9944,111769.043593
2025-05-04,03:30:00,3.9944,4.0221,3.9944,4.0169,74396.4612371
2025-05-04,03:45:00,4.0203,4.0268,4.0037,4.0168,49125.970742
2025-05-04,04:00:00,4.016,4.016,3.9905,4.0128,139257.075328
2025-05-04,04:15:00,4.0128,4.0491,4.0108,4.0395,130160.973948
2025-05-04,04:30:00,4.0395,4.05129,4.0354,4.0427,45983.549555
2025-05-04,04:45:00,4.0412,4.04999,4.0097,4.0209,76899.410008
2025-05-04,05:00:00,4.0199,4.0204,4.0108,4.0119,136052.379991
2025-05-04,05:15:00,4.0124,4.0201,4.0028,4.0049,70097.458249385
2025-05-04,05:30:00,4.0049,4.0089,3.9928,3.9967,127333.954316
2025-05-04,05:45:00,4.001,4.0224,4.001,4.0189,107030.4442966
2025-05-04,06:00:00,4.0189,4.0211,4.0113,4.0201,54801.530339
2025-05-04,06:15:00,4.0201,4.0201,3.9983,4.0028,135765.89330132
2025-05-04,06:30:00,4.006,4.0141,4.0019,4.0116,125013.451595
2025-05-04,06:45:00,4.0116,4.0143,3.9951,3.9951,146545.150199
2025-05-04,07:00:00,3.995,3.9981,3.9844,3.9858,229808.970482
2025-05-04,07:15:00,3.9853,4.0005,3.9853,3.99884,38274.392876
2025-05-04,07:30:00,4.00508,4.007,3.9918,3.9998,29028.7360876
2025-05-04,07:45:00,3.9998,4.0195,3.9961,4.0161,138813.561468
2025-05-04,08:00:00,4.0171,4.0415,4.0146,4.0299,1088193.222371
2025-05-04,08:15:00,4.0299,4.0399,4.0197,4.0264,87544.8312373
2025-05-04,08:30:00,4.0264,4.0273,4.0089,4.0119,59936.672821
2025-05-04,08:45:00,4.0112,4.0171,4.0012,4.0121,43983.0550789
2025-05-04,09:00:00,4.0121,4.0317,4.0111,4.03169,140209.969843
2025-05-04,09:15:00,4.03599,4.0387,4.021,4.02559,111046.754583
2025-05-04,09:30:00,4.02459,4.0333,4.0168,4.0292,23172.664791
2025-05-04,09:45:00,4.0291,4.0291,4.0031,4.0031,71650.9552443
2025-05-04,10:00:00,4.0031,4.0194,4.0031,4.0098,130447.6552855
2025-05-04,10:15:00,4.0094,4.02579,4.0086,4.0139,265421.9018677
2025-05-04,10:30:00,4.0153,4.0198,4.0118,4.0166,62597.682306
2025-05-04,10:45:00,4.0166,4.0181,3.9877,3.9877,182219.0958864
2025-05-04,11:00:00,3.9877,3.9882,3.9767,3.983,162095.840359
2025-05-04,11:15:00,3.983,3.9872,3.9708,3.987,154627.52021999
2025-05-04,11:30:00,3.987,3.987,3.9664,3.9671,128159.240851
2025-05-04,11:45:00,3.9669,3.974,3.96341,3.9692,92586.845853
2025-05-04,12:00:00,3.9692,3.9707,3.9598,3.9651,99660.669234
2025-05-04,12:15:00,3.966,3.9697,3.955,3.9598,43203.06718
2025-05-04,12:30:00,3.96,3.966,3.95371,3.95961,68521.295825
2025-05-04,12:45:00,3.95911,3.9759,3.95911,3.96941,59809.71439692
2025-05-04,13:00:00,3.96731,3.97879,3.9634,3.9749,47226.8752865
2025-05-04,13:15:00,3.9749,3.9775,3.9623,3.97061,55653.20846
2025-05-04,13:30:00,3.97061,3.9774,3.96881,3.9761,58607.106108
2025-05-04,13:45:00,3.9771,3.981,3.96621,3.9749,78406.187169
2025-05-04,14:00:00,3.9746,3.9753,3.96321,3.96331,109210.6370841
2025-05-04,14:15:00,3.96331,3.9661,3.95881,3.9656,72956.884069
2025-05-04,14:30:00,3.9656,3.96911,3.9597,3.9641,53224.729797547
2025-05-04,14:45:00,3.9641,3.967,3.95381,3.96581,26825.0169242
2025-05-04,15:00:00,3.96581,3.97221,3.95661,3.97221,71005.659016
2025-05-04,15:15:00,3.972,3.9745,3.965,3.9714,88385.102117357
2025-05-04,15:30:00,3.9714,3.973,3.94521,3.94691,239906.10256645
2025-05-04,15:45:00,3.94691,3.9526,3.93601,3.93811,72764.888718521
2025-05-04,16:00:00,3.93911,3.94211,3.92861,3.94111,205637.018004
2025-05-04,16:15:00,3.93951,3.9776,3.93951,3.9761,189492.0249464
2025-05-04,16:30:00,3.9761,3.9839,3.96681,3.9826,292039.603295
2025-05-04,16:45:00,3.9815,3.9916,3.98,3.9895,289616.70089624
2025-05-04,17:00:00,3.9884,3.9938,3.9832,3.9916,103848.2441898
2025-05-04,17:15:00,3.9884,3.9967,3.9837,3.986,107766.494653
2025-05-04,17:30:00,3.986,3.9897,3.9804,3.9821,73439.731653
2025-05-04,17:45:00,3.9821,3.984,3.9637,3.9637,1106928.6610028
2025-05-04,18:00:00,3.9637,3.969,3.94881,3.9623,174797.4611523
2025-05-04,18:15:00,3.9612,3.96761,3.95561,3.9558,69883.2762742
2025-05-04,18:30:00,3.9581,3.9582,3.94031,3.94391,118682.9995973
2025-05-04,18:45:00,3.94571,3.9515,3.91782,3.92091,473471.07782021
2025-05-04,19:00:00,3.92091,3.92091,3.90981,3.91612,109716.12661474
2025-05-04,19:15:00,3.91582,3.93471,3.91142,3.93401,92160.64276537
2025-05-04,19:30:00,3.93441,3.93541,3.91221,3.91582,103770.781539
2025-05-04,19:45:00,3.91382,3.91801,3.91382,3.91801,94682.867639055
2025-05-04,20:00:00,3.91801,3.91801,3.91762,3.91801,20875.059188295
2025-05-04,20:15:00,3.91801,3.94651,3.91801,3.94111,100294.180658
2025-05-04,20:30:00,3.94111,3.94121,3.92681,3.93331,78094.208332
2025-05-04,20:45:00,3.93201,3.93961,3.92981,3.92981,48096.4331346
2025-05-04,21:00:00,3.93051,3.93369,3.92442,3.92492,39163.4725373
2025-05-04,21:15:00,3.92602,3.92841,3.91682,3.92771,26363.942588
2025-05-04,21:30:00,3.92701,3.93431,3.92202,3.92811,44388.789106
2025-05-04,21:45:00,3.92811,3.94521,3.92811,3.94171,42901.2618766
2025-05-04,22:00:00,3.94746,3.94746,3.93921,3.94021,4257.90902171
2025-05-04,22:15:00,3.94191,3.9513,3.93471,3.9513,33970.314593
2025-05-04,22:30:00,3.94751,3.96101,3.94491,3.94861,70585.563689
2025-05-04,22:45:00,3.94971,3.9656,3.94971,3.9586,122637.431459
2025-05-04,23:00:00,3.9607,3.96271,3.95581,3.9577,51233.0742562
2025-05-04,23:15:00,3.9577,3.9671,3.9577,3.961,36589.943817
2025-05-04,23:30:00,3.9612,3.9612,3.9511,3.9541,62871.985164
2025-05-04,23:45:00,3.9541,3.967,3.953,3.967,33927.695406
2025-05-04,23:59:00,3.965,3.9702,3.9617,3.9702,34662.704747419
2025-05-05,00:15:00,3.96991,3.97301,3.94081,3.94511,128259.830486
2025-05-05,00:30:00,3.94511,3.94701,3.93162,3.93162,41224.4799592
2025-05-05,00:45:00,3.93332,3.94191,3.91042,3.92072,234423.801055
2025-05-05,01:00:00,3.92162,3.93212,3.92082,3.93072,49447.0735512
2025-05-05,01:15:00,3.93152,3.93861,3.91582,3.91652,80324.583674
2025-05-05,01:30:00,3.91792,3.92581,3.91692,3.92252,470117.645017
2025-05-05,01:45:00,3.92252,3.92671,3.90343,3.92242,180448.090437
2025-05-05,02:00:00,3.92342,3.92642,3.91033,3.91543,48065.323372
2025-05-05,02:15:00,3.91543,3.92154,3.91543,3.92154,5840.649968
2025-05-05,04:15:00,3.93867,3.94232,3.92592,3.93692,76264.78352026
2025-05-05,04:30:00,3.93692,3.9864,3.93692,3.9854,139071.3643364
2025-05-05,04:45:00,3.9824,4.0017,3.97771,4.0017,98380.461471
2025-05-05,05:00:00,3.9995,4.0033,3.996,4.0006,63101.7313889
2025-05-05,05:15:00,4.001,4.0017,3.98301,3.9905,14613.088904
2025-05-05,05:30:00,3.9905,3.9905,3.97481,3.97481,55560.824937
2025-05-05,05:45:00,3.97481,3.98651,3.97481,3.98611,52219.556347
2025-05-05,06:00:00,3.98081,3.9888,3.97451,3.97571,67688.1085105
2025-05-05,06:15:00,3.97571,3.97641,3.95862,3.96371,159843.343566
2025-05-05,06:30:00,3.96401,3.98371,3.95642,3.98061,39340.37493427
2025-05-05,06:45:00,3.98331,3.99,3.98061,3.9885,81264.214843053
2025-05-05,07:00:00,3.9916,3.9964,3.9896,3.9957,52037.9932828
2025-05-05,07:15:00,3.9945,4.001,3.9935,4.0001,24495.55238
2025-05-05,07:30:00,4.0001,4.0008,3.98561,3.9917,62130.4278596
2025-05-05,07:45:00,3.9917,3.9981,3.98821,3.9922,47301.169241944
2025-05-05,08:00:00,3.9922,4.0061,3.9916,4.0061,100492.397232
2025-05-05,08:15:00,4.0061,4.01729,3.9944,3.9989,73564.0380108
2025-05-05,08:30:00,3.9984,3.9984,3.9881,3.9881,52945.0356161
2025-05-05,08:45:00,3.9881,3.9888,3.98061,3.98541,49778.255285
2025-05-05,09:00:00,3.98581,3.9894,3.97861,3.98131,46244.693483
2025-05-05,09:15:00,3.97981,3.98321,3.95792,3.95792,84548.6106589
2025-05-05,09:30:00,3.95792,3.97462,3.95652,3.96342,62827.8261297
2025-05-05,09:45:00,3.96551,3.97761,3.96381,3.97691,56027.037429815
2025-05-05,10:00:00,3.97691,3.98231,3.97211,3.97641,49805.130092
2025-05-05,10:15:00,3.97741,3.988,3.97461,3.98171,53380.323264
2025-05-05,10:30:00,3.98011,3.9837,3.97361,3.9826,43338.765963077
2025-05-05,10:45:00,3.9824,3.9893,3.97691,3.98741,39661.4254897
2025-05-05,11:00:00,3.98561,3.9889,3.97861,3.97861,46504.390545
2025-05-05,11:15:00,3.98021,3.98021,3.96601,3.97021,74638.295813
2025-05-05,11:30:00,3.97451,3.98211,3.96352,3.96671,46316.104221
2025-05-05,11:45:00,3.96601,3.97681,3.96411,3.96851,48441.2080704
2025-05-05,12:00:00,3.96032,3.97021,3.95862,3.96711,35885.97541905
2025-05-05,12:15:00,3.96651,3.96651,3.93613,3.94012,98736.230232
2025-05-05,12:30:00,3.94012,3.94162,3.92453,3.92753,157620.5912792
2025-05-05,12:45:00,3.92753,3.93043,3.90984,3.90984,99684.65455915
2025-05-05,13:00:00,3.91193,3.91713,3.89225,3.91363,810712.813881
2025-05-05,13:15:00,3.91553,3.93093,3.91044,3.93093,480789.5583999
2025-05-05,13:30:00,3.93093,3.93093,3.93053,3.93053,358275.8899063
2025-05-05,13:45:00,3.93053,3.93093,3.93053,3.93053,59688.76183
2025-05-05,14:00:00,3.93053,3.93093,3.90515,3.91344,64316.2952225
2025-05-05,14:15:00,3.91344,3.92093,3.90264,3.92083,153033.276111
2025-05-05,14:30:00,3.91713,3.93071,3.91713,3.92612,530392.5524074
2025-05-05,14:45:00,3.92612,3.93123,3.92182,3.92761,65692.074963
2025-05-05,15:00:00,3.92673,3.93283,3.91433,3.92023,42582.700454
2025-05-05,15:15:00,3.91672,3.93342,3.91074,3.92552,132495.266897
2025-05-05,15:30:00,3.92512,3.93252,3.91733,3.93252,46800.329159
2025-05-05,15:45:00,3.93112,3.93112,3.89804,3.90064,130590.524929
2025-05-05,16:00:00,3.90034,3.91263,3.89643,3.91013,89390.231961
2025-05-05,16:15:00,3.91013,3.93662,3.91013,3.92223,65728.245054
2025-05-05,16:30:00,3.92013,3.92783,3.90804,3.90944,74786.6196795
2025-05-05,16:45:00,3.91174,3.92404,3.90815,3.91444,34003.9274994
2025-05-05,17:00:00,3.91444,3.92933,3.91444,3.92323,103540.67425322
2025-05-05,17:15:00,3.92323,3.92593,3.91564,3.92344,65754.196298
2025-05-05,17:30:00,3.92344,3.92423,3.90255,3.92263,72385.432191
2025-05-05,17:45:00,3.92263,3.92263,3.90944,3.91264,74379.108333845
2025-05-05,18:00:00,3.91264,3.91463,3.88616,3.89945,234193.2383942
2025-05-05,18:15:00,3.90045,3.91605,3.88935,3.91384,39755.587206
2025-05-05,18:30:00,3.91334,3.92907,3.90735,3.92103,58332.832033
2025-05-05,18:45:00,3.92183,3.93093,3.92183,3.92403,38560.316142
2025-05-05,19:00:00,3.92133,3.92833,3.91743,3.92754,72889.9880116
2025-05-05,19:15:00,3.92764,3.92764,3.91464,3.91764,167909.4984329
2025-05-05,19:30:00,3.91764,3.93473,3.90944,3.93253,302857.5041325
2025-05-05,19:45:00,3.93253,3.95452,3.93043,3.95442,124511.782891
2025-05-05,20:00:00,3.95452,3.96142,3.94993,3.95462,42175.313263
2025-05-05,20:15:00,3.95423,3.97061,3.94902,3.96442,73118.8388663
2025-05-05,20:30:00,3.96442,3.97241,3.96362,3.96981,72183.73471807
2025-05-05,20:45:00,3.96731,3.97301,3.95952,3.97301,47012.705537
2025-05-05,21:00:00,3.97431,3.98281,3.97151,3.98011,66418.987058
2025-05-05,21:15:00,3.98021,3.98371,3.97031,3.98101,37917.1127
2025-05-05,21:30:00,3.98151,3.98231,3.96271,3.96801,46799.715796521
2025-05-05,21:45:00,3.96821,3.96891,3.94972,3.94992,52201.7885257
2025-05-05,22:00:00,3.94992,3.95082,3.93963,3.94162,65822.8998312
2025-05-05,22:15:00,3.94592,3.94592,3.91593,3.91854,227072.85847109
2025-05-05,22:30:00,3.91954,3.93323,3.91454,3.92963,197468.9348991
2025-05-05,22:45:00,3.92744,3.92744,3.88236,3.89554,133007.67121723
2025-05-05,23:00:00,3.89455,3.91543,3.89014,3.90404,82411.984936508
2025-05-05,23:15:00,3.90644,3.92644,3.90615,3.92254,209070.939251
2025-05-05,23:30:00,3.92194,3.92904,3.91764,3.92524,171620.15689
2025-05-05,23:45:00,3.92504,3.93763,3.90894,3.91644,66735.127818
2025-05-05,23:59:00,3.91513,3.93694,3.91513,3.93124,57806.433646
2025-05-06,00:15:00,3.93474,3.93694,3.92374,3.93653,47493.922216
2025-05-06,00:30:00,3.93493,3.93704,3.92494,3.93514,51373.865982
2025-05-06,00:45:00,3.93353,3.94573,3.93324,3.94573,41695.72893
2025-05-06,01:00:00,3.94723,3.95602,3.94473,3.94473,53562.157011
2025-05-06,01:15:00,3.94453,3.95042,3.94063,3.94553,113286.3795982
2025-05-06,01:30:00,3.94553,3.94553,3.93324,3.93843,60314.1161078
2025-05-06,01:45:00,3.94043,3.94553,3.92674,3.92674,42088.775228
2025-05-06,02:00:00,3.92674,3.92674,3.91854,3.91903,46493.5060263
2025-05-06,02:15:00,3.91863,3.92003,3.91144,3.91144,88246.60905
2025-05-06,02:30:00,3.91144,3.91783,3.90944,3.91054,32456.0241198
2025-05-06,02:45:00,3.91193,3.92822,3.90643,3.90673,312296.304045
2025-05-06,03:00:00,3.90733,3.91523,3.89854,3.90223,36124.104589
2025-05-06,03:15:00,3.90233,3.91073,3.88904,3.89304,77360.73452
2025-05-06,03:30:00,3.89304,3.92562,3.89304,3.92312,91396.982482
2025-05-06,03:45:00,3.92342,3.92742,3.90294,3.90294,257134.256761
2025-05-06,04:00:00,3.90274,3.90933,3.89843,3.90304,46039.18481
2025-05-06,04:15:00,3.90304,3.90741,3.88911,3.88911,178139.58899936
2025-05-06,04:30:00,3.89011,3.89642,3.86263,3.86401,221168.1490284
2025-05-06,04:45:00,3.86441,3.88031,3.8596,3.8732,21634.693962
2025-05-06,05:00:00,3.8732,3.8991,3.8732,3.89781,161632.9731126
2025-05-06,05:15:00,3.89781,3.9017,3.89291,3.89471,69424.9994699
2025-05-06,05:30:00,3.8961,3.90211,3.8912,3.89711,40711.730698
2025-05-06,05:45:00,3.89811,3.91631,3.89541,3.91561,38610.508808
2025-05-06,06:00:00,3.91801,3.9216,3.9131,3.915,75163.126436
2025-05-06,06:15:00,3.915,3.92261,3.9146,3.92011,52477.965359557
2025-05-06,06:30:00,3.91821,3.9239,3.91301,3.9223,30182.160888
2025-05-06,06:45:00,3.9215,3.9304,3.91942,3.92272,18695.208249
2025-05-06,07:00:00,3.92302,3.92561,3.91651,3.91862,27343.081434
2025-05-06,07:15:00,3.91822,3.91991,3.90892,3.90932,16444.822484
2025-05-06,07:30:00,3.90962,3.91491,3.90241,3.90311,61711.073794
2025-05-06,07:45:00,3.90212,3.90592,3.89072,3.89211,55331.165459
2025-05-06,08:00:00,3.89331,3.89901,3.88842,3.89052,63395.316064242
2025-05-06,08:15:00,3.89052,3.89521,3.88152,3.88982,28557.2889807
2025-05-06,08:30:00,3.89002,3.89482,3.88291,3.88491,24417.845364
2025-05-06,08:45:00,3.88711,3.89362,3.88672,3.88862,20100.7186395
2025-05-06,09:00:00,3.88672,3.89702,3.88361,3.89212,54667.008996
2025-05-06,09:15:00,3.89172,3.91772,3.88931,3.90601,176006.6011889
2025-05-06,09:30:00,3.90621,3.90741,3.89762,3.90002,70920.521981
2025-05-06,09:45:00,3.89842,3.906,3.89101,3.8992,50117.93206
2025-05-06,10:00:00,3.9003,3.9014,3.88771,3.89501,41161.346918
2025-05-06,10:15:00,3.89551,3.89551,3.8735,3.8795,99328.606958
2025-05-06,10:30:00,3.8795,3.8798,3.85011,3.85101,144504.00990543
2025-05-06,10:45:00,3.85021,3.87801,3.85021,3.87611,40973.547145
2025-05-06,11:00:00,3.87521,3.88211,3.8746,3.8795,39104.608966
2025-05-06,11:15:00,3.8786,3.88701,3.875,3.8773,84834.84544978
2025-05-06,11:30:00,3.8777,3.8865,3.8655,3.8714,553074.8541934
2025-05-06,11:45:00,3.8707,3.89841,3.8666,3.8909,623026.449082
2025-05-06,12:00:00,3.8915,3.89351,3.87341,3.8873,243705.950619
2025-05-06,12:15:00,3.8881,3.89391,3.87721,3.88141,98463.974762
2025-05-06,12:30:00,3.87971,3.89562,3.87831,3.88032,77864.934663
2025-05-06,12:45:00,3.87782,3.88731,3.87231,3.87231,104180.99144
2025-05-06,13:00:00,3.87121,3.87231,3.85563,3.86153,101051.0757074
2025-05-06,13:15:00,3.85993,3.88801,3.85913,3.88801,144716.74540398
2025-05-06,13:30:00,3.88741,3.88741,3.87411,3.87411,66660.0317951
2025-05-06,13:45:00,3.87871,3.87871,3.85521,3.86073,85670.150441988
2025-05-06,14:00:00,3.85773,3.85791,3.82394,3.82983,206550.173301
2025-05-06,14:15:00,3.82983,3.86161,3.82783,3.86151,315994.787455
2025-05-06,14:30:00,3.86021,3.86031,3.84393,3.84563,123246.56861105
2025-05-06,14:45:00,3.84763,3.85831,3.84013,3.85333,46506.6406812
2025-05-06,15:00:00,3.85443,3.87541,3.85443,3.87271,281935.537647
2025-05-06,15:15:00,3.87271,3.87283,3.84983,3.85283,364969.493481
2025-05-06,15:30:00,3.85293,3.86481,3.84622,3.86481,297956.79887743
2025-05-06,15:45:00,3.86481,3.86511,3.83873,3.85613,410546.22137956
2025-05-06,16:00:00,3.85613,3.87511,3.84352,3.84412,346030.09885388
2025-05-06,16:15:00,3.84412,3.90064,3.84412,3.89534,80036.273979
2025-05-06,16:30:00,3.89234,3.92623,3.89234,3.91883,146866.460911
2025-05-06,16:45:00,3.91762,3.91962,3.90763,3.90823,78992.6931407
2025-05-06,17:00:00,3.90843,3.90872,3.89693,3.90102,40769.7933123
2025-05-06,17:15:00,3.90102,3.90712,3.89162,3.89223,42346.295587
2025-05-06,17:30:00,3.89132,3.91703,3.88942,3.91203,48666.502059
2025-05-06,17:45:00,3.91203,3.93061,3.91203,3.92572,121347.403382
2025-05-06,18:00:00,3.92711,3.92711,3.90253,3.90643,84868.984715
2025-05-06,18:15:00,3.90503,3.92042,3.89113,3.89523,102271.24773427
2025-05-06,18:30:00,3.89823,3.92511,3.89823,3.91343,51083.759391
2025-05-06,18:45:00,3.91213,3.92601,3.90673,3.92581,34976.936084
2025-05-06,19:00:00,3.92581,3.92931,3.89621,3.90181,110035.81070974
2025-05-06,19:15:00,3.90181,3.90611,3.88582,3.90111,51369.970784
2025-05-06,19:30:00,3.90502,3.92741,3.90472,3.92382,37406.753843
2025-05-06,19:45:00,3.92222,3.93451,3.91772,3.93121,32326.584349619
2025-05-06,20:00:00,3.93161,3.93211,3.90402,3.91001,33886.6148171
2025-05-06,20:15:00,3.90961,3.91611,3.90742,3.91481,33797.848609
2025-05-06,20:30:00,3.91491,3.92971,3.90821,3.92661,31693.775302
2025-05-06,20:45:00,3.92661,3.94011,3.92531,3.93011,51297.5149696
2025-05-06,21:00:00,3.92931,3.94601,3.92881,3.94601,117215.145892
2025-05-06,21:15:00,3.94651,3.96231,3.94461,3.95391,124757.296211
2025-05-06,21:30:00,3.94771,3.95571,3.94452,3.94621,25043.141221
2025-05-06,21:45:00,3.94811,3.9512,3.94111,3.94862,37973.35847
2025-05-06,22:00:00,3.94632,3.9531,3.93332,3.93332,72304.7574499
2025-05-06,22:15:00,3.93332,3.94422,3.92531,3.94222,47086.5858697
2025-05-06,22:30:00,3.94332,3.94732,3.9123,3.9246,98729.7563979
2025-05-06,22:45:00,3.9246,3.9259,3.89631,3.90121,69102.333858
2025-05-06,23:00:00,3.89831,3.9058,3.8877,3.8877,88967.163873
2025-05-06,23:15:00,3.8864,3.9184,3.8864,3.9184,266629.740128
2025-05-06,23:30:00,3.9182,3.9182,3.8816,3.8836,102951.60423898
2025-05-06,23:45:00,3.8819,3.8859,3.84742,3.85921,169620.7732104
2025-05-06,23:59:00,3.86111,3.8932,3.86111,3.88711,101425.737449
2025-05-07,00:15:00,3.88981,3.93391,3.88491,3.92941,257106.915589
2025-05-07,00:30:00,3.92941,3.94361,3.91482,3.94341,198933.5043065
2025-05-07,00:45:00,3.94371,3.94371,3.93761,3.93761,41441.91934
2025-05-07,01:00:00,3.93761,3.93801,3.93722,3.93722,20221.684142
2025-05-07,01:15:00,3.93722,3.93761,3.93722,3.93722,35494.527089
2025-05-07,01:30:00,3.93722,3.93761,3.93722,3.93722,33001.2443493
2025-05-07,01:45:00,3.93722,3.93761,3.93682,3.93722,24915.800216
2025-05-07,02:00:00,3.93722,3.93722,3.93682,3.93722,28042.67836118
2025-05-07,02:15:00,3.93722,3.97121,3.93722,3.95502,87811.263775
2025-05-07,02:30:00,3.95502,3.9995,3.95502,3.9983,153005.228281
2025-05-07,02:45:00,3.9974,3.9974,3.98041,3.9862,278091.05898
2025-05-07,03:00:00,3.9862,3.9957,3.98381,3.9855,69418.1118259
2025-05-07,03:15:00,3.988,3.9992,3.9844,3.9889,106458.1964486
2025-05-07,03:30:00,3.9914,4.0058,3.98021,4.0006,130972.834639
2025-05-07,03:45:00,3.9993,4.0063,3.9869,3.9932,86379.2785088
2025-05-07,04:00:00,3.9923,3.9976,3.9833,3.9963,81911.500043
2025-05-07,04:15:00,3.9963,3.9963,3.97011,3.97161,158975.724343
2025-05-07,04:30:00,3.97161,3.97931,3.96441,3.97931,133017.363163
2025-05-07,04:45:00,3.98001,3.9837,3.96451,3.96451,71170.3887783
2025-05-07,05:00:00,3.96391,3.96391,3.95111,3.95231,142670.672319
2025-05-07,05:15:00,3.95391,3.95631,3.94541,3.95631,160826.553298
2025-05-07,05:30:00,3.95571,3.95571,3.93232,3.94122,86498.82074
2025-05-07,05:45:00,3.94392,3.95741,3.93902,3.95711,54344.331686
2025-05-07,06:00:00,3.95751,3.96081,3.95581,3.95981,76351.48758
2025-05-07,06:15:00,3.95871,3.96741,3.95631,3.96391,69691.461785
2025-05-07,06:30:00,3.96661,3.9768,3.96021,3.97141,26374.161705805
2025-05-07,06:45:00,3.96971,3.9771,3.96131,3.96131,19010.309975
2025-05-07,07:00:00,3.96131,3.96571,3.95551,3.95731,43457.414592797
2025-05-07,07:15:00,3.95601,3.96551,3.95441,3.95921,42758.143829
2025-05-07,07:30:00,3.95921,3.96661,3.95031,3.95421,47794.834386
2025-05-07,07:45:00,3.95461,3.95811,3.94071,3.94131,62067.0913674
2025-05-07,08:00:00,3.94161,3.94281,3.93342,3.93852,66224.887595748
2025-05-07,08:15:00,3.93772,3.95061,3.93132,3.94532,62705.1954722
2025-05-07,08:30:00,3.94732,3.95471,3.93801,3.93801,133631.900526
2025-05-07,08:45:00,3.94501,3.94601,3.93641,3.93781,67998.491237
2025-05-07,09:00:00,3.93831,3.94361,3.93361,3.93892,53331.280189
2025-05-07,09:15:00,3.93992,3.95972,3.93992,3.9572,57010.526890104
2025-05-07,09:30:00,3.957,3.9725,3.957,3.97201,91074.749081
2025-05-07,09:45:00,3.97201,3.98021,3.96831,3.97861,83161.2891742
2025-05-07,10:00:00,3.97861,3.9836,3.97081,3.98031,104613.584508
2025-05-07,10:15:00,3.98031,3.98211,3.97161,3.97381,86785.760317
2025-05-07,10:30:00,3.97381,3.97571,3.96461,3.97441,47884.0959525
2025-05-07,10:45:00,3.97441,3.9826,3.97441,3.9753,125926.802575
2025-05-07,11:00:00,3.97621,3.9974,3.97611,3.9913,82060.557325
2025-05-07,11:15:00,3.9937,4.0018,3.9887,3.9966,163920.78403
2025-05-07,11:30:00,3.9966,3.9976,3.9893,3.9935,60632.052855479
2025-05-07,11:45:00,3.9934,3.9941,3.9853,3.9873,62955.3088483
2025-05-07,12:00:00,3.9878,3.9987,3.9859,3.9916,50557.302735
2025-05-07,12:15:00,3.9916,3.9959,3.985,3.9928,80732.42910594
2025-05-07,12:30:00,3.9924,3.9978,3.9847,3.9881,118247.985027
2025-05-07,12:45:00,3.9881,3.9886,3.97041,3.97231,33780.296792
2025-05-07,13:00:00,3.97631,3.9877,3.97491,3.9877,56295.01416083
2025-05-07,13:15:00,3.9778,3.9879,3.97311,3.97311,92881.481321
2025-05-07,13:30:00,3.97311,3.9757,3.96751,3.96751,110555.184552
2025-05-07,13:45:00,3.96751,3.97081,3.96541,3.97031,39871.676426395
2025-05-07,14:00:00,3.97451,3.9778,3.96881,3.97381,70201.8398728
2025-05-07,14:15:00,3.97341,3.9794,3.97061,3.97231,42236.960546687
2025-05-07,14:30:00,3.97111,3.97111,3.96091,3.96611,43190.825597507
2025-05-07,14:45:00,3.96721,3.97171,3.95381,3.95481,69741.560817103
2025-05-07,15:00:00,3.95471,3.95741,3.94941,3.95081,119911.94757605
2025-05-07,15:15:00,3.95431,3.96111,3.94581,3.94581,402667.842234
2025-05-07,15:30:00,3.94631,3.952,3.93922,3.93932,70036.1026356
2025-05-07,15:45:00,3.93742,3.96631,3.93692,3.95681,158143.9252934
2025-05-07,16:00:00,3.96091,3.9746,3.95461,3.95881,122431.392107
2025-05-07,16:15:00,3.96571,3.96671,3.95541,3.96641,81588.260395569
2025-05-07,16:30:00,3.96531,3.97031,3.95601,3.96261,34638.1505509
2025-05-07,16:45:00,3.96081,3.97361,3.96021,3.9669,93891.7764131
2025-05-07,17:00:00,3.9699,3.97201,3.93791,3.94011,90400.373889
2025-05-07,17:15:00,3.94011,3.94911,3.93631,3.94271,84387.595701
2025-05-07,17:30:00,3.94271,3.94561,3.92621,3.93051,167821.4589493
2025-05-07,17:45:00,3.93051,3.93051,3.91432,3.92352,108328.4770941
2025-05-07,18:00:00,3.92561,3.93201,3.91782,3.92461,82732.5713758
2025-05-07,18:15:00,3.92471,3.92471,3.90522,3.90712,88124.310047564
2025-05-07,18:30:00,3.90712,3.91039,3.88822,3.88822,40329.927211
2025-05-07,18:45:00,3.88822,3.89383,3.88022,3.89122,31112.253311
2025-05-07,19:00:00,3.89122,3.90922,3.88822,3.90761,35574.459346
2025-05-07,19:15:00,3.90822,3.91022,3.89861,3.90122,65167.539623
2025-05-07,19:30:00,3.90122,3.90561,3.88861,3.89661,33402.9816116
2025-05-07,19:45:00,3.89761,3.90522,3.89261,3.89622,13058.9763087
2025-05-07,20:00:00,3.90422,3.91383,3.88622,3.89783,27739.207145079
2025-05-07,20:15:00,3.89783,3.92402,3.88582,3.89352,239499.439655
2025-05-07,20:30:00,3.89372,3.92562,3.88482,3.92222,56846.758318
2025-05-07,20:45:00,3.92232,3.93832,3.91233,3.91882,81040.933696
2025-05-07,21:00:00,3.91882,3.91962,3.89023,3.90123,84777.6808732
2025-05-07,21:15:00,3.90333,3.92312,3.90243,3.91672,51849.815856
2025-05-07,21:30:00,3.91602,3.91822,3.88962,3.89312,44666.110318
2025-05-07,21:45:00,3.89082,3.91742,3.88443,3.90032,142171.242681
2025-05-07,22:00:00,3.90032,3.92101,3.90032,3.90701,85589.545943
2025-05-07,22:15:00,3.90531,3.90562,3.89453,3.90002,35586.368681733
2025-05-07,22:30:00,3.90252,3.91292,3.89743,3.90782,48105.082838
2025-05-07,22:45:00,3.90782,3.90782,3.89782,3.89892,50585.501146
2025-05-07,23:00:00,3.89892,3.90413,3.89133,3.89493,46223.1906498
2025-05-07,23:15:00,3.89723,3.91083,3.89723,3.90572,59832.8495153
2025-05-07,23:30:00,3.90572,3.92861,3.90372,3.92232,70512.0735442
2025-05-07,23:45:00,3.92152,3.9434,3.92152,3.93601,95149.086853
2025-05-07,23:59:00,3.93581,3.93921,3.92401,3.93381,41551.96708488
2025-05-08,00:15:00,3.93381,3.94800,3.92381,3.94670,70832.616265096
2025-05-08,00:30:00,3.9451,3.9517,3.94161,3.94601,76507.587789
2025-05-08,00:45:00,3.94601,3.9571,3.94021,3.954,148268.324575
2025-05-08,01:00:00,3.954,3.9653,3.9529,3.9607,64956.816381
2025-05-08,01:15:00,3.9627,3.9809,3.9602,3.9714,93611.7358071
2025-05-08,01:30:00,3.9714,3.9861,3.9701,3.9829,82277.3793072
2025-05-08,01:45:00,3.9806,3.9814,3.9643,3.9655,65978.907148
2025-05-08,02:00:00,3.9659,3.9702,3.9627,3.9676,94868.00766
2025-05-08,02:15:00,3.9656,3.9744,3.9625,3.9729,40094.778520406
2025-05-08,02:30:00,3.9729,3.9764,3.9655,3.9761,37716.325768924
2025-05-08,02:45:00,3.9762,3.9855,3.9753,3.9821,86068.718015
2025-05-08,03:00:00,3.9809,4.0053,3.9695,4.0053,156136.1756
2025-05-08,03:15:00,4.0053,4.03969,4.0001,4.02709,213135.334692
2025-05-08,03:30:00,4.02839,4.05239,4.02019,4.05239,188338.446247
2025-05-08,03:45:00,4.05239,4.06039,4.04759,4.05929,195086.091774
2025-05-08,04:00:00,4.05929,4.05969,4.03069,4.03189,185285.24761
2025-05-08,04:15:00,4.03189,4.05809,4.03019,4.05409,123925.29824
2025-05-08,04:30:00,4.05269,4.08118,4.05229,4.07548,162548.0191083
2025-05-08,04:45:00,4.07858,4.08999,4.07668,4.08848,196991.660972
2025-05-08,05:00:00,4.08948,4.10009,4.08868,4.09748,129884.12543799
2025-05-08,05:15:00,4.09748,4.10819,4.08789,4.10819,251579.62131
2025-05-08,05:30:00,4.10819,4.13657,4.10778,4.13547,211999.670799
2025-05-08,05:45:00,4.13547,4.16128,4.13429,4.15627,147835.953964
2025-05-08,06:00:00,4.15857,4.16928,4.14199,4.16887,109601.6605573
2025-05-08,06:15:00,4.16887,4.21146,4.16777,4.20898,365190.540753
2025-05-08,06:30:00,4.20908,4.23815,4.20508,4.21936,295204.740493
2025-05-08,06:45:00,4.21936,4.23498,4.21698,4.22028,270741.1589334
2025-05-08,07:00:00,4.22028,4.22028,4.19466,4.20058,307616.014775
2025-05-08,07:15:00,4.20058,4.24095,4.20058,4.22555,243238.1293536
2025-05-08,07:30:00,4.22628,4.23008,4.22258,4.22598,184901.236464
2025-05-08,07:45:00,4.22598,4.22682,4.22555,4.2264,102405.324501
2025-05-08,08:00:00,4.2264,4.22682,4.2264,4.2264,35373.6837689
2025-05-08,08:15:00,4.2264,4.25973,4.2264,4.25973,264652.0982494
2025-05-08,08:30:00,4.26083,4.26633,4.2344,4.2346,253637.837703
2025-05-08,08:45:00,4.2359,4.2484,4.2344,4.2439,117799.101248
2025-05-08,09:00:00,4.2439,4.2447,4.2215,4.22888,243424.563115
2025-05-08,09:15:00,4.22688,4.2351,4.22108,4.22818,279046.812751
2025-05-08,09:30:00,4.2309,4.2319,4.21468,4.2254,220891.12329
2025-05-08,09:45:00,4.2235,4.24088,4.22006,4.2271,223378.7645472
2025-05-08,10:00:00,4.2271,4.2273,4.2086,4.21098,74472.074607
2025-05-08,10:15:00,4.2108,4.23415,4.20926,4.23115,288112.7118462
2025-05-08,10:30:00,4.23115,4.23775,4.21883,4.21883,72174.064269
2025-05-08,10:45:00,4.21883,4.23855,4.21883,4.23695,96238.604243
2025-05-08,11:00:00,4.23695,4.24538,4.23333,4.23995,78954.153314
2025-05-08,11:15:00,4.24038,4.24798,4.23278,4.24475,139500.505624
2025-05-08,11:30:00,4.24415,4.25597,4.24415,4.25257,95032.348315
2025-05-08,11:45:00,4.25135,4.25277,4.23565,4.23705,127392.4127851
2025-05-08,12:00:00,4.23565,4.27145,4.23375,4.27145,397775.4452967
2025-05-08,12:15:00,4.27345,4.32137,4.27345,4.29877,781818.0762066
2025-05-08,12:30:00,4.29877,4.29877,4.27564,4.28714,305409.3962272
2025-05-08,12:45:00,4.28844,4.28844,4.26122,4.26332,280376.94643
2025-05-08,13:00:00,4.26332,4.28391,4.25922,4.28281,464553.5402901
2025-05-08,13:15:00,4.28112,4.28821,4.25985,4.26617,157952.61010113
2025-05-08,13:30:00,4.26617,4.26965,4.25017,4.25017,192977.345371
2025-05-08,13:45:00,4.25117,4.25697,4.23975,4.25087,254903.688789
2025-05-08,14:00:00,4.25107,4.25107,4.23865,4.24335,152666.310847
2025-05-08,14:15:00,4.24105,4.25375,4.23335,4.24298,938268.254805
2025-05-08,14:30:00,4.23918,4.25155,4.23833,4.24488,174662.572869
2025-05-08,14:45:00,4.24598,4.25497,4.22895,4.22998,108218.929623
2025-05-08,15:00:00,4.22998,4.23855,4.22508,4.22728,99446.792045
2025-05-08,15:15:00,4.22618,4.23618,4.21956,4.23405,295405.519848
2025-05-08,15:30:00,4.23475,4.23808,4.22346,4.22908,79875.695407
2025-05-08,15:45:00,4.22908,4.23728,4.21486,4.21718,507105.808943
2025-05-08,16:00:00,4.21908,4.22875,4.2151,4.2217,116287.244078
2025-05-08,16:15:00,4.2195,4.23098,4.21078,4.212,180640.88823
2025-05-08,16:30:00,4.2094,4.2245,4.20608,4.21908,105671.117864
2025-05-08,16:45:00,4.22018,4.24388,4.22018,4.2351,115141.95865513
2025-05-08,17:00:00,4.2351,4.2554,4.22958,4.24052,127936.174641
2025-05-08,17:15:00,4.24052,4.25853,4.2354,4.2564,220322.584547
2025-05-08,17:30:00,4.2564,4.29981,4.25217,4.29981,339560.147765
2025-05-08,17:45:00,4.29981,4.34423,4.27849,4.3387,283835.799397
2025-05-08,18:00:00,4.3413,4.34173,4.28841,4.29721,281377.696113
2025-05-08,18:15:00,4.29721,4.32417,4.29661,4.31777,290336.533419
2025-05-08,18:30:00,4.31777,4.32707,4.31244,4.31897,146898.406846
2025-05-08,18:45:00,4.31617,4.32653,4.29864,4.3173,134321.718284
2025-05-08,19:00:00,4.3189,4.32963,4.31524,4.3232,130371.11373835
2025-05-08,19:15:00,4.3203,4.32397,4.30507,4.32154,111311.375811
2025-05-08,19:30:00,4.32154,4.32827,4.31324,4.31607,198078.540734
2025-05-08,19:45:00,4.31607,4.32877,4.29674,4.30134,589926.67157
2025-05-08,20:00:00,4.30207,4.30207,4.27993,4.29593,175309.70171526
2025-05-08,20:15:00,4.29593,4.31176,4.29044,4.31176,284749.153803
2025-05-08,20:30:00,4.31176,4.31956,4.30146,4.30226,243002.130055
2025-05-08,20:45:00,4.30226,4.31484,4.293,4.30954,93382.16445129
2025-05-08,21:00:00,4.30954,4.3186,4.30574,4.30824,77785.670308726
2025-05-08,21:15:00,4.30824,4.31164,4.29314,4.30244,47162.331626
2025-05-08,21:30:00,4.30221,4.32347,4.29964,4.31377,219974.214935
2025-05-08,21:45:00,4.31377,4.31897,4.29854,4.30047,140902.96545489
2025-05-08,22:00:00,4.30127,4.31554,4.29717,4.31554,74642.834117
